Date,Open,High,Low,Close,Adj Close,Volume
7-Oct-25,716.98,718.5,705.75,713.08,713.08,"12,018,165"
6-Oct-25,705.19,716.88,690.51,715.66,715.66,"21,654,700"
3-Oct-25,729.63,731,710.18,710.56,710.56,"16,154,300"
2-Oct-25,722.58,727.77,718.14,727.05,727.05,"11,415,300"
1-Oct-25,721.49,721.85,710.2,717.34,717.34,"20,419,600"
30-Sep-25,742.25,742.97,726.3,734.38,734.38,"16,226,800"
29-Sep-25,748.72,750.78,739.15,743.4,743.4,"9,246,800"
26-Sep-25,750,751.93,737.35,743.75,743.75,"9,696,300"
25-Sep-25,753.45,756.77,744.55,748.91,748.91,"10,591,100"
24-Sep-25,757.5,761.11,752.53,760.66,760.66,"8,828,200"
23-Sep-25,769.25,770.6,751.07,755.4,755.4,"10,872,600"
22-Sep-25,781.85,785.73,764.47,765.16,765.16,"11,706,900"
19-Sep-25,786.42,790.8,769.19,778.38,777.85,"23,696,800"
18-Sep-25,780.75,788.78,773.36,780.25,779.72,"10,955,000"
17-Sep-25,779.99,783.29,766.31,775.72,775.2,"9,400,900"
16-Sep-25,767,781.36,765.1,779,778.47,"11,782,500"
15-Sep-25,757.47,774.07,751.99,764.7,764.18,"10,533,800"
12-Sep-25,748.73,757.57,743.76,755.59,755.08,"8,248,600"
11-Sep-25,754.65,757.1,748.37,750.9,750.39,"7,923,300"
10-Sep-25,765.13,765.7,751,751.98,751.47,"12,478,300"
9-Sep-25,757.49,766.3,753.43,765.7,765.18,"10,999,000"
8-Sep-25,756,766.51,752.02,752.3,751.79,"13,087,800"
5-Sep-25,752.62,757.95,745.03,752.45,751.94,"9,663,400"
4-Sep-25,748.57,761.16,745.82,748.65,748.15,"11,439,100"
3-Sep-25,736,740.25,733.99,737.05,736.55,"7,699,300"
2-Sep-25,726.04,736,721.73,735.11,734.61,"9,350,900"
29-Aug-25,745.28,747.14,735.35,738.7,738.2,"9,070,500"
28-Aug-25,744,753.05,740.8,751.11,750.6,"7,468,000"
27-Aug-25,752.3,754.15,742.84,747.38,746.88,"8,315,400"
26-Aug-25,750.8,754.87,747.94,754.1,753.59,"7,601,800"
25-Aug-25,754.82,758.88,750.13,753.3,752.79,"6,861,200"
22-Aug-25,739.23,756.9,734.39,754.79,754.28,"10,612,700"
21-Aug-25,744.71,745.5,733.11,739.1,738.6,"8,876,300"
20-Aug-25,747.57,750.2,731,747.72,747.22,"11,898,200"
19-Aug-25,767.12,767.17,749.36,751.48,750.97,"12,286,700"
18-Aug-25,775.09,775.81,756.56,767.37,766.85,"16,513,700"
15-Aug-25,784.15,796.25,780.82,785.23,784.7,"13,375,400"
14-Aug-25,777.88,787.81,772.51,782.13,781.6,"8,116,200"
13-Aug-25,791.15,795.46,778.23,780.08,779.55,"8,811,800"
12-Aug-25,773,793.67,772.43,790,789.47,"14,563,100"
11-Aug-25,770.08,773.46,764.67,765.87,765.35,"7,612,000"
8-Aug-25,762.75,769.9,758.58,769.3,768.78,"7,320,800"
7-Aug-25,773.49,775,759.55,761.83,761.32,"9,019,700"
6-Aug-25,770,773.64,760.46,771.99,771.47,"9,733,900"
5-Aug-25,776.45,783.13,763,763.46,762.95,"11,640,300"
4-Aug-25,760,776.85,758.41,776.37,775.85,"15,801,700"
1-Aug-25,760.73,766,745.31,750.01,749.5,"19,028,700"
31-Jul-25,775.2,784.75,765.51,773.44,772.92,"38,831,100"
30-Jul-25,708.09,708.5,691.2,695.21,694.74,"27,077,300"
29-Jul-25,720,724.47,699.91,700,699.53,"13,267,000"
28-Jul-25,715.2,724.74,712.68,717.63,717.15,"8,715,700"
25-Jul-25,716.92,720.65,711.9,712.68,712.2,"8,271,700"
24-Jul-25,717.05,723.62,714,714.8,714.32,"10,920,800"
23-Jul-25,706.37,714.63,704.93,713.58,713.1,"8,771,600"
22-Jul-25,716.19,716.6,701.41,704.81,704.33,"8,921,100"
21-Jul-25,706.8,717,705.76,712.97,712.49,"9,404,400"
18-Jul-25,702.19,704.71,691.65,704.28,703.8,"12,779,800"
17-Jul-25,704.39,705.9,697.11,701.41,700.94,"11,803,300"
16-Jul-25,713.37,713.97,699.27,702.91,702.44,"13,067,600"
15-Jul-25,723.9,724.47,709.82,710.39,709.91,"11,529,500"
14-Jul-25,717.6,728,716.55,720.92,720.43,"8,939,400"
11-Jul-25,722.5,725.16,709.7,717.51,717.03,"10,873,900"
10-Jul-25,731.55,735.8,719.6,727.24,726.75,"9,913,600"
9-Jul-25,722.72,737.53,722.72,732.78,732.29,"11,418,000"
8-Jul-25,721.57,722.91,714.81,720.67,720.18,"7,770,700"
7-Jul-25,717.6,727,713.51,718.35,717.87,"9,457,100"
3-Jul-25,726.61,729.03,714.42,719.01,718.53,"8,601,700"
2-Jul-25,715.33,720.3,712.8,713.57,713.09,"9,336,700"
1-Jul-25,736.88,737.75,715.37,719.22,718.73,"13,431,200"
30-Jun-25,744.55,747.9,734.25,738.09,737.59,"15,402,100"
27-Jun-25,726.52,735.43,725.86,733.63,733.14,"18,775,700"
26-Jun-25,714.36,728.22,711.05,726.09,725.6,"13,964,800"
25-Jun-25,713.32,716.58,705.38,708.68,708.2,"9,320,400"
24-Jun-25,704.89,713.19,702.11,712.2,711.72,"13,823,200"
23-Jun-25,683.69,699.05,678.75,698.53,698.06,"11,080,100"
20-Jun-25,700.75,701.82,678.67,682.35,681.89,"22,538,600"
18-Jun-25,698.18,701.59,694.9,695.77,695.3,"10,068,300"
17-Jun-25,702,705.97,696.06,697.23,696.76,"10,066,100"
16-Jun-25,699.33,707.15,693.51,702.12,701.65,"13,720,300"
13-Jun-25,687.95,694.57,681.01,682.87,681.88,"9,274,400"
12-Jun-25,693.3,695.38,687,693.36,692.36,"7,322,700"
11-Jun-25,703.71,708.87,691.99,694.14,693.14,"9,582,500"
10-Jun-25,701.35,703.23,691.56,702.4,701.39,"10,850,100"
9-Jun-25,698.46,705.19,693.94,694.06,693.06,"12,773,200"
6-Jun-25,696.17,702.81,691.87,697.71,696.7,"11,728,000"
5-Jun-25,691.66,694.38,682.25,684.62,683.63,"13,083,100"
4-Jun-25,669.32,689,668.57,687.95,686.96,"14,031,900"
3-Jun-25,671.45,675.58,665.03,666.85,665.89,"11,585,000"
2-Jun-25,644.39,673.26,644.26,670.9,669.93,"15,766,300"
30-May-25,642.5,649.41,632.78,647.49,646.56,"16,241,000"
29-May-25,651.65,653.32,639.5,645.05,644.12,"8,858,800"
28-May-25,642.6,650.88,642.55,643.58,642.65,"9,042,900"
27-May-25,635.41,643.08,632.75,642.32,641.39,"9,508,400"
23-May-25,624,632.45,622.65,627.06,626.16,"8,454,100"
22-May-25,634.05,643.25,630.71,636.57,635.65,"8,228,400"
21-May-25,631.79,646.61,630.17,635.5,634.58,"11,464,600"
20-May-25,636.01,639.35,632.26,637.1,636.18,"6,743,500"
19-May-25,628.25,643,627.8,640.43,639.51,"9,592,400"
16-May-25,637.96,640.44,626.15,640.34,639.42,"18,519,000"
15-May-25,654.28,657.31,638.58,643.88,642.95,"14,341,800"
14-May-25,661.21,662.67,654.31,659.36,658.41,"12,348,200"
13-May-25,645.54,660.92,642.83,656.03,655.08,"18,570,800"
12-May-25,630.92,640.39,621.03,639.43,638.51,"21,965,100"
9-May-25,603.72,606.97,591.71,592.49,591.64,"10,427,300"
8-May-25,606.29,611.3,596.62,598.01,597.15,"14,622,800"
7-May-25,590.36,603.08,586.67,596.81,595.95,"13,139,100"
6-May-25,592.53,596.03,586.58,587.31,586.46,"10,600,700"
5-May-25,591.22,603.21,588.05,599.27,598.41,"13,887,700"
2-May-25,583.46,604.34,578.33,597.02,596.16,"24,739,300"
1-May-25,592.08,592.95,570.5,572.21,571.38,"31,159,000"
30-Apr-25,538.4,549.1,529.5,549,548.21,"29,244,000"
29-Apr-25,546,556.57,544.12,554.44,553.64,"11,835,000"
28-Apr-25,555.64,558.49,540.59,549.74,548.95,"15,179,000"
25-Apr-25,546.8,549.86,536.25,547.27,546.48,"17,098,900"
24-Apr-25,518.73,533.9,517.5,533.15,532.38,"13,910,000"
23-Apr-25,528.53,535.34,516.52,520.27,519.52,"18,173,900"
22-Apr-25,491.87,506.88,486.36,500.28,499.56,"17,399,400"
21-Apr-25,491.33,493.5,479.8,484.66,483.96,"16,166,000"
17-Apr-25,505.25,507.3,498.01,501.48,500.76,"14,593,500"
16-Apr-25,508.51,513.37,495.63,502.31,501.59,"18,735,100"
15-Apr-25,532.11,537.94,517.5,521.52,520.77,"15,558,700"
14-Apr-25,556.17,557.77,528.28,531.48,530.71,"14,130,900"
11-Apr-25,535.51,547.4,528.59,543.57,542.79,"17,642,300"
10-Apr-25,575.49,581.3,535.3,546.29,545.5,"28,173,500"
9-Apr-25,509.27,587.89,502.11,585.77,584.92,"39,216,600"
8-Apr-25,543.25,547.43,502.86,510.45,509.71,"28,034,200"
7-Apr-25,485.1,539.37,481.9,516.25,515.51,"36,606,100"
4-Apr-25,506.62,518,494.2,504.73,504,"38,589,800"
3-Apr-25,546.22,552.56,530.3,531.62,530.85,"34,777,500"
2-Apr-25,574.91,592.66,573.36,583.93,583.09,"13,470,800"
1-Apr-25,570.84,589.91,570,586,585.15,"12,836,600"
31-Mar-25,563.5,578.7,553.3,576.36,575.53,"21,124,700"
28-Mar-25,600.31,601.75,573.92,576.74,575.91,"17,602,800"
27-Mar-25,602,614.25,600.1,602.58,601.71,"10,436,500"
26-Mar-25,624.89,626.75,606.61,610.98,610.1,"12,609,800"
25-Mar-25,626.76,633.88,621.18,626.31,625.41,"15,312,500"
24-Mar-25,614.97,622.54,612.2,618.85,617.96,"15,741,300"
21-Mar-25,583.42,597.54,580.95,596.25,595.39,"25,015,900"
20-Mar-25,582.76,610.2,579.51,586,585.15,"24,336,500"
19-Mar-25,584.28,592.32,574.77,584.06,583.22,"20,537,500"
18-Mar-25,600.05,600.25,574.66,582.36,581.52,"20,297,700"
17-Mar-25,607.46,613.1,598,604.9,604.03,"15,473,900"
14-Mar-25,602.8,608.86,594.78,607.6,606.72,"12,364,500"
13-Mar-25,620.25,620.5,586.51,590.64,589.26,"16,480,300"
12-Mar-25,629.9,633.33,609.35,619.56,618.12,"15,747,000"
11-Mar-25,595.05,614.93,593.33,605.71,604.3,"17,401,500"
10-Mar-25,608.07,610.11,586.87,597.99,596.6,"21,999,900"
7-Mar-25,625.37,634.79,600.61,625.66,624.2,"21,375,700"
6-Mar-25,648,650.56,624.11,627.93,626.47,"13,446,500"
5-Mar-25,641,659.5,637.66,656.47,654.94,"13,770,000"
4-Mar-25,645.51,649.75,623.65,640,638.51,"21,495,200"
3-Mar-25,673.68,681.25,650.84,655.05,653.52,"10,843,800"
28-Feb-25,658.04,669.63,642.6,668.2,666.64,"17,534,200"
27-Feb-25,682.45,688.65,657.57,658.24,656.71,"12,500,000"
26-Feb-25,659.65,683.01,658,673.7,672.13,"14,488,700"
25-Feb-25,665.97,668,641.86,657.5,655.97,"20,579,700"
24-Feb-25,686.28,687.27,662.45,668.13,666.57,"15,677,000"
21-Feb-25,696.58,703.87,682.36,683.55,681.96,"15,660,400"
20-Feb-25,697.28,705.63,693.64,694.84,693.22,"12,587,400"
19-Feb-25,704.1,707,695.39,703.77,702.13,"17,535,500"
18-Feb-25,736,737,706.44,716.37,714.7,"21,938,700"
14-Feb-25,726.14,740.91,725.62,736.67,734.95,"16,901,200"
13-Feb-25,721.52,729,718.04,728.56,726.86,"12,569,100"
12-Feb-25,715.3,727.1,712.6,725.38,723.69,"12,016,500"
11-Feb-25,713.32,723.66,710.04,719.8,718.12,"12,998,000"
10-Feb-25,718.56,721.2,711.33,717.4,715.73,"12,904,300"
7-Feb-25,716.8,725.01,711.75,714.52,712.85,"16,427,100"
6-Feb-25,705.88,718.9,703.5,711.99,710.33,"13,080,700"
5-Feb-25,703.55,718.14,699.01,704.87,703.23,"17,778,200"
4-Feb-25,702.5,707.71,691.61,704.19,702.55,"13,826,300"
3-Feb-25,675.91,704,675.25,697.46,695.83,"21,415,700"
31-Jan-25,691,705.3,685.58,689.18,687.57,"19,303,900"
30-Jan-25,696.82,710.79,676.1,687,685.4,"29,322,900"
29-Jan-25,675,681.05,665.67,676.49,674.91,"21,377,800"
28-Jan-25,666,682.58,659.47,674.33,672.76,"20,950,100"
27-Jan-25,626.61,663.87,625.1,659.88,658.34,"28,399,200"
24-Jan-25,636.4,652,634.2,647.49,645.98,"19,065,300"
23-Jan-25,627.36,636.6,621.15,636.45,634.97,"9,910,200"
22-Jan-25,623.3,633.7,619.43,623.5,622.05,"12,274,000"
21-Jan-25,617.83,621.5,609.01,616.46,615.02,"11,674,000"
17-Jan-25,624.05,624.97,603.67,612.77,611.34,"17,280,600"
16-Jan-25,611.5,616.25,609.71,611.3,609.88,"8,355,300"
15-Jan-25,610.21,622.46,606.5,617.12,615.68,"15,524,300"
14-Jan-25,605.07,605.49,588.55,594.25,592.87,"13,598,000"
13-Jan-25,607.1,608.97,598.45,608.33,606.91,"10,785,000"
10-Jan-25,610.03,629.91,597.34,615.86,614.42,"19,256,600"
8-Jan-25,613.4,616.44,602.79,610.72,609.3,"10,085,800"
7-Jan-25,631.7,632.1,608.23,617.89,616.45,"12,071,500"
6-Jan-25,611.83,630.99,605.62,630.2,628.73,"14,560,800"
3-Jan-25,604.76,609.5,596.41,604.63,603.22,"11,436,800"
2-Jan-25,589.72,604.91,587.82,599.24,597.84,"12,682,300"
31-Dec-24,592.27,593.97,583.85,585.51,584.15,"6,019,500"
30-Dec-24,588.75,596.94,585.58,591.24,589.86,"7,025,900"
27-Dec-24,599.41,601.85,589.8,599.81,598.41,"8,084,200"
26-Dec-24,605.48,606.3,598.94,603.35,601.94,"6,081,400"
24-Dec-24,602.72,607.99,599.28,607.75,606.33,"4,726,100"
23-Dec-24,589.6,601.09,586.25,599.85,598.45,"10,205,800"
20-Dec-24,590.58,603.11,580,585.25,583.89,"48,989,400"
19-Dec-24,610.39,611.52,595,595.57,594.18,"14,958,100"
18-Dec-24,621,627.36,596.32,597.19,595.8,"17,075,500"
17-Dec-24,626.17,632.37,616.54,619.44,618,"12,897,800"
16-Dec-24,629.98,631.15,618.58,624.24,622.79,"10,885,600"
13-Dec-24,627.22,631.08,616.89,620.35,618.41,"8,453,300"
12-Dec-24,631.5,636.66,627.21,630.79,628.81,"7,474,700"
11-Dec-24,623.37,638.4,621.53,632.68,630.7,"10,837,200"
10-Dec-24,617.56,625.59,612.74,619.32,617.38,"10,938,900"
9-Dec-24,623.92,626.4,606.17,613.57,611.65,"11,426,000"
6-Dec-24,610.1,629.79,608.53,623.77,621.81,"16,935,500"
5-Dec-24,617.08,619.9,607.05,608.93,607.02,"8,081,200"
4-Dec-24,612.96,617.78,605.1,613.78,611.86,"14,697,000"
3-Dec-24,595,614.2,591.25,613.65,611.73,"14,907,200"
2-Dec-24,577.5,594.5,575.57,592.83,590.97,"12,522,400"
29-Nov-24,569,578.46,566.9,574.32,572.52,"7,130,500"
27-Nov-24,574.89,574.98,564.1,569.2,567.42,"7,200,200"
26-Nov-24,566,577.5,565.2,573.54,571.74,"10,356,600"
25-Nov-24,562.1,572.59,556.39,565.11,563.34,"13,599,800"
22-Nov-24,563.55,563.83,554.59,559.14,557.39,"9,164,000"
21-Nov-24,569.52,570,549.05,563.09,561.33,"11,154,700"
20-Nov-24,562.93,566.35,554.2,565.52,563.75,"9,797,300"
19-Nov-24,551.86,561.43,550.6,561.09,559.33,"9,522,400"
18-Nov-24,557.04,559.9,550.09,554.4,552.66,"14,327,300"
15-Nov-24,571.22,572.57,551.5,554.08,552.34,"17,712,900"
14-Nov-24,577,580.76,573.01,577.16,575.35,"11,053,700"
13-Nov-24,582.61,585.64,575.17,580,578.18,"10,757,600"
12-Nov-24,588.54,599.66,580.38,584.82,582.99,"16,287,700"
11-Nov-24,586.36,587,576.51,583.17,581.34,"10,209,100"
8-Nov-24,591.54,593.1,584.52,589.34,587.49,"9,415,700"
7-Nov-24,576.89,594.8,575.21,591.7,589.85,"14,653,700"
6-Nov-24,562.75,573,555.17,572.05,570.26,"18,305,400"
5-Nov-24,567.3,573.48,566.67,572.43,570.64,"9,775,400"
4-Nov-24,564.1,568.69,557.89,560.68,558.92,"12,064,600"
1-Nov-24,567.61,573.67,562.56,567.16,565.38,"15,303,200"
31-Oct-24,585,589.9,563.01,567.58,565.8,"26,838,400"
30-Oct-24,600.98,601.2,589.38,591.8,589.94,"26,864,900"
29-Oct-24,580.15,593.67,575.4,593.28,591.42,"13,019,100"
28-Oct-24,582,583.75,574.12,578.16,576.35,"10,925,100"
25-Oct-24,573.93,581.29,571.72,573.25,571.45,"11,337,900"
24-Oct-24,567.13,568.88,561.52,567.78,566,"7,184,700"
23-Oct-24,579.97,585,562.5,563.69,561.92,"14,248,400"
22-Oct-24,574.29,583.53,572.12,582.01,580.19,"8,544,500"
21-Oct-24,576.03,577.24,569.11,575.16,573.36,"8,171,900"
18-Oct-24,581.1,583.97,575.25,576.47,574.66,"7,694,300"
17-Oct-24,583.33,584.97,575.2,576.93,575.12,"8,701,200"
16-Oct-24,581.4,582.08,574.03,576.79,574.98,"11,268,400"
15-Oct-24,590.16,590.61,580.14,586.27,584.43,"9,564,200"
14-Oct-24,594.22,600.1,589.96,590.42,588.57,"8,252,000"
11-Oct-24,584.83,591.21,582.71,589.95,588.1,"8,587,100"
10-Oct-24,587.57,590.23,582.52,583.83,582,"7,740,400"
9-Oct-24,593.99,594.39,581.61,590.51,588.66,"9,529,700"
8-Oct-24,589.69,593.56,585.97,592.89,591.03,"7,857,400"
7-Oct-24,598.22,602.95,584.04,584.78,582.95,"12,014,200"
4-Oct-24,583.73,596.85,581.43,595.94,594.07,"14,169,500"
3-Oct-24,570.15,583.36,568.73,582.77,580.94,"11,581,000"
2-Oct-24,574.86,576,569.34,572.81,571.01,"6,524,700"
1-Oct-24,577.98,583.04,570.1,576.47,574.66,"15,259,300"
30-Sep-24,567.7,574.68,564.8,572.44,570.65,"12,792,300"
27-Sep-24,570.1,570.84,564.51,567.36,565.58,"9,398,400"
26-Sep-24,575.73,577.4,562.35,567.84,566.06,"14,400,800"
25-Sep-24,564.05,576.88,563.72,568.31,566.53,"16,543,400"
24-Sep-24,566.68,567.75,554.19,563.33,561.56,"12,993,000"
23-Sep-24,569.5,573.98,562.41,564.41,562.64,"12,830,700"
20-Sep-24,560,564.5,556.3,561.35,559.59,"22,066,800"
19-Sep-24,550,562.07,546.52,559.1,557.35,"15,647,000"
18-Sep-24,537.07,544.2,533.9,537.95,536.26,"10,323,500"
17-Sep-24,537.6,542.1,530.57,536.32,534.64,"11,690,800"
16-Sep-24,524.54,534.1,517.4,533.28,531.61,"9,527,600"
13-Sep-24,520.34,527.58,517.11,524.62,522.48,"10,321,400"
12-Sep-24,517.05,526.71,515.22,525.6,523.45,"11,970,500"
11-Sep-24,507.01,513.12,495.6,511.83,509.74,"10,782,500"
10-Sep-24,508.16,514.18,500.03,504.79,502.73,"9,899,000"
9-Sep-24,506.16,511.33,502.08,504.79,502.73,"11,047,800"
6-Sep-24,521.88,524.58,498.25,500.27,498.23,"14,744,500"
5-Sep-24,511.72,521.63,511.15,516.86,514.75,"8,640,900"
4-Sep-24,506.07,516.59,504.07,512.74,510.65,"8,335,200"
3-Sep-24,519.64,525.49,508.62,511.76,509.67,"12,459,100"
30-Aug-24,521.35,523.54,515.2,521.31,519.18,"9,157,500"
29-Aug-24,519.05,527.2,515.68,518.22,516.1,"8,317,400"
28-Aug-24,517.67,521.09,512.45,516.78,514.67,"9,106,100"
27-Aug-24,518.98,524.01,515.31,519.1,516.98,"6,282,700"
26-Aug-24,527.6,528,514.95,521.12,518.99,"9,584,000"
23-Aug-24,536.92,539.87,525.06,528,525.84,"11,323,900"
22-Aug-24,537,544.23,528.59,531.93,529.76,"15,708,300"
21-Aug-24,527.15,539.4,526.93,535.16,532.97,"13,423,300"
20-Aug-24,528.35,531.09,525.88,526.73,524.58,"7,944,400"
19-Aug-24,526.87,531.66,522.76,529.28,527.12,"9,879,700"
16-Aug-24,531.9,533.66,524.66,527.42,525.27,"14,776,700"
15-Aug-24,531.79,539.77,526.7,537.33,535.14,"13,482,100"
14-Aug-24,528.06,534,523.13,526.76,524.61,"11,444,200"
13-Aug-24,520.01,531.5,518.15,528.54,526.38,"13,743,800"
12-Aug-24,516.86,518.02,509.1,515.95,513.84,"9,767,400"
9-Aug-24,507.71,518.34,505.7,517.77,515.66,"13,696,600"
8-Aug-24,497.5,509.96,494.72,509.63,507.55,"16,156,800"
7-Aug-24,503.13,510.15,486.86,488.92,486.92,"20,105,300"
6-Aug-24,479,502.56,478.65,494.09,492.07,"20,955,000"
5-Aug-24,451.35,483.48,450.8,475.73,473.79,"21,396,200"
2-Aug-24,489,501.15,476.15,488.14,486.15,"24,044,700"
1-Aug-24,521,527.17,492.1,497.74,495.71,"43,083,100"
31-Jul-24,471.02,476.5,466.75,474.83,472.89,"24,285,800"
30-Jul-24,467,472.73,456.7,463.19,461.3,"11,390,400"
29-Jul-24,469.88,473.96,465.02,465.71,463.81,"11,339,600"
26-Jul-24,464.2,469.77,459.42,465.7,463.8,"14,222,400"
25-Jul-24,463.26,463.55,442.65,453.41,451.56,"18,240,500"
24-Jul-24,472.31,476.3,460.58,461.27,459.39,"17,649,700"
23-Jul-24,489.84,495.22,487.72,488.69,486.69,"9,455,500"
22-Jul-24,486.58,492.06,483.9,487.4,485.41,"12,023,100"
19-Jul-24,476.06,486.71,475.71,476.79,474.84,"15,149,400"
18-Jul-24,475,479.24,464.54,475.85,473.91,"19,267,200"
17-Jul-24,479.17,479.17,459.12,461.99,460.1,"28,076,600"
16-Jul-24,501.5,503.95,485.79,489.79,487.79,"14,075,800"
15-Jul-24,498.63,506.68,493.37,496.16,494.13,"12,539,200"
12-Jul-24,497.76,508.09,494.23,498.87,496.83,"19,750,500"
11-Jul-24,530.89,535.46,508.37,512.7,510.61,"16,458,300"
10-Jul-24,530.79,538.88,528.36,534.69,532.51,"10,983,300"
9-Jul-24,533.75,537.48,528.19,530,527.84,"8,753,200"
8-Jul-24,542.35,542.81,526.65,529.32,527.16,"14,917,500"
5-Jul-24,511.6,540.87,511.6,539.91,537.7,"21,354,100"
3-Jul-24,506.37,511.28,506.02,509.96,507.88,"6,005,600"
2-Jul-24,500.76,510.5,499.45,509.5,507.42,"7,739,500"
1-Jul-24,504.95,506.58,493.17,504.68,502.62,"10,328,200"
28-Jun-24,517.15,521.88,503.84,504.22,502.16,"15,855,100"
27-Jun-24,514.25,522.88,513.9,519.56,517.44,"10,121,200"
26-Jun-24,506.65,513.81,504.68,513.12,511.02,"8,882,300"
25-Jun-24,497.05,510.71,495.5,510.6,508.51,"12,063,200"
24-Jun-24,499.2,507.8,494.29,498.91,496.87,"13,525,300"
21-Jun-24,503.45,503.45,492.39,494.78,492.76,"22,359,200"
20-Jun-24,502,503.67,496.77,501.7,499.65,"11,801,200"
18-Jun-24,504.56,506,495.02,499.49,497.45,"13,060,400"
17-Jun-24,501.67,510.75,496.01,506.63,504.56,"11,266,600"
14-Jun-24,502.65,507.15,500.75,504.16,502.1,"10,243,300"
13-Jun-24,505.71,509.36,501.36,504.1,501.54,"9,954,600"
12-Jun-24,513.99,514.01,504.47,508.84,506.26,"11,983,200"
11-Jun-24,500.16,507.6,498.27,507.47,504.9,"9,673,700"
10-Jun-24,493.86,502.66,493.41,502.6,500.05,"11,220,900"
7-Jun-24,495.91,498.91,490.17,492.96,490.46,"9,380,700"
6-Jun-24,492.98,502.82,490.89,493.76,491.26,"10,667,300"
5-Jun-24,484.45,496.65,483.91,495.06,492.55,"15,690,500"
4-Jun-24,477,478.89,473.23,476.99,474.57,"7,088,700"
3-Jun-24,470.86,479.6,468.24,477.49,475.07,"11,279,400"
31-May-24,465.8,469.12,454.46,466.83,464.46,"16,919,800"
30-May-24,471.67,471.73,464.71,467.05,464.68,"10,719,600"
29-May-24,474.66,479.85,473.7,474.36,471.95,"9,226,200"
28-May-24,476.58,480.86,474.84,479.92,477.49,"10,175,800"
24-May-24,467.62,479.85,466.3,478.22,475.79,"12,024,300"
23-May-24,472.88,474.36,461.54,465.78,463.42,"11,747,900"
22-May-24,467.87,473.72,465.65,467.78,465.41,"10,078,600"
21-May-24,467.12,470.7,462.27,464.63,462.27,"11,742,200"
20-May-24,469.95,473.2,467.04,468.84,466.46,"11,745,100"
17-May-24,470.83,472.8,468.42,471.91,469.52,"10,807,300"
16-May-24,475,477.69,472.75,473.23,470.83,"16,608,200"
15-May-24,474.98,482.5,471.2,481.54,479.1,"13,100,500"
14-May-24,463.37,472.54,460.08,471.85,469.46,"10,478,600"
13-May-24,472.75,473.35,462.85,468.01,465.64,"14,668,800"
10-May-24,477.09,477.5,469.6,476.2,473.78,"10,750,000"
9-May-24,470,476.08,467.63,475.42,473.01,"9,437,700"
8-May-24,463.5,475.58,463,472.6,470.2,"11,683,900"
7-May-24,466.29,471.53,461.31,468.24,465.86,"13,406,800"
6-May-24,455.58,466.16,453.34,465.68,463.32,"15,094,600"
3-May-24,445.93,454.17,443.85,451.96,449.67,"16,489,100"
2-May-24,438.84,443.96,432.28,441.68,439.44,"15,221,300"
1-May-24,428.6,449.96,427.11,439.19,436.96,"20,344,900"
30-Apr-24,431.05,439.62,429.72,430.17,427.99,"18,429,500"
29-Apr-24,439.56,439.76,428.56,432.62,430.43,"21,502,600"
26-Apr-24,441.46,446.44,431.96,443.29,441.04,"32,691,400"
25-Apr-24,421.4,445.77,414.5,441.38,439.14,"82,890,700"
24-Apr-24,508.06,510,484.58,493.5,491,"37,772,700"
23-Apr-24,491.25,498.76,488.97,496.1,493.58,"15,079,200"
22-Apr-24,489.72,492.01,473.4,481.73,479.29,"17,271,100"
19-Apr-24,502.8,502.8,475.73,481.07,478.63,"25,215,400"
18-Apr-24,499.82,512.21,499.04,501.8,499.25,"14,808,700"
17-Apr-24,503.1,503.16,487.14,494.17,491.66,"12,193,700"
16-Apr-24,498.11,504.77,497.11,499.76,497.23,"9,847,900"
15-Apr-24,516.72,518.53,497.28,500.23,497.69,"13,512,900"
12-Apr-24,517.75,520.19,509.33,511.9,509.3,"11,984,500"
11-Apr-24,521.11,523.86,517.29,523.16,520.51,"10,369,500"
10-Apr-24,509.29,522.56,505.8,519.83,517.19,"11,418,500"
9-Apr-24,522.23,525.87,506.74,516.9,514.28,"10,863,800"
8-Apr-24,529.28,531.49,518.89,519.25,516.62,"13,260,600"
5-Apr-24,516.86,530.7,514.41,527.34,524.67,"19,263,300"
4-Apr-24,516.42,530,510.58,510.92,508.33,"26,476,300"
3-Apr-24,498.93,507.24,498.75,506.74,504.17,"12,099,200"
2-Apr-24,485.1,497.53,484.65,497.37,494.85,"11,081,000"
1-Apr-24,487.2,497.43,481.78,491.35,488.86,"9,247,000"
28-Mar-24,492.84,492.89,485.15,485.58,483.12,"15,212,800"
27-Mar-24,499.3,499.89,488.07,493.86,491.35,"9,989,700"
26-Mar-24,505.13,510,495.21,495.89,493.37,"11,205,400"
25-Mar-24,505.79,507.22,500.24,503.02,500.47,"8,380,600"
22-Mar-24,507,509.97,504.34,509.58,507,"8,120,600"
21-Mar-24,514.71,515.04,506.01,507.76,505.18,"9,712,500"
20-Mar-24,499.5,508.2,495.17,505.52,502.96,"11,711,100"
19-Mar-24,488.17,496.63,481.28,496.24,493.72,"10,903,100"
18-Mar-24,491.91,497.42,486.81,496.98,494.46,"11,755,300"
15-Mar-24,489.01,491.83,481.3,484.1,481.64,"29,153,600"
14-Mar-24,500.26,501.35,488.16,491.83,489.34,"12,620,000"
13-Mar-24,495.39,500.98,491.03,495.57,493.06,"12,090,700"
12-Mar-24,493.26,502.31,484.73,499.75,497.22,"15,448,200"
11-Mar-24,497.01,497.32,476,483.59,481.14,"20,428,300"
8-Mar-24,514.19,523.57,499.35,505.95,503.38,"18,597,100"
7-Mar-24,503.28,519.85,501.38,512.19,509.59,"18,586,400"
6-Mar-24,497.63,502.97,494.29,496.09,493.57,"11,757,900"
5-Mar-24,495,495.58,487.89,490.22,487.73,"15,325,300"
4-Mar-24,503,504.42,496.42,498.19,495.66,"12,324,100"
1-Mar-24,492.11,504.25,491.85,502.3,499.75,"16,273,600"
29-Feb-24,488.44,491.7,482.61,490.13,487.64,"17,732,000"
28-Feb-24,485,491.05,482.75,484.02,481.56,"12,715,500"
27-Feb-24,479.98,487.27,479.92,487.05,484.58,"10,809,600"
26-Feb-24,483.47,486.14,480.6,481.74,479.3,"12,101,400"
23-Feb-24,488.05,494.36,482.35,484.03,481.57,"18,374,300"
22-Feb-24,480.24,489.99,476.06,486.13,483.66,"21,625,800"
21-Feb-24,466.5,469,461.79,468.03,465.66,"12,921,800"
20-Feb-24,469.72,476.18,466.56,471.75,468.86,"18,015,500"
16-Feb-24,478.11,478.96,469.21,473.32,470.42,"23,324,600"
15-Feb-24,475.28,488.62,472.22,484.03,481.06,"24,212,300"
14-Feb-24,467.93,474.11,466.09,473.28,470.38,"16,858,400"
13-Feb-24,456.87,467.89,455.09,460.12,457.3,"20,916,600"
12-Feb-24,468.19,479.15,466.58,468.9,466.03,"19,382,000"
9-Feb-24,472.95,473.59,467.47,468.11,465.24,"18,413,100"
8-Feb-24,468.32,470.59,465.03,470,467.12,"18,815,100"
7-Feb-24,458,471.52,456.18,469.59,466.71,"23,066,000"
6-Feb-24,464,467.12,453,454.72,451.93,"21,655,200"
5-Feb-24,469.88,471.9,459.22,459.41,456.6,"40,832,400"
2-Feb-24,459.6,485.96,453.01,474.99,472.08,"84,707,600"
1-Feb-24,393.94,400.5,393.05,394.78,392.36,"29,727,100"
31-Jan-24,389,398,387.1,390.14,387.75,"20,180,800"
30-Jan-24,403.59,406.36,399.57,400.06,397.61,"18,614,700"
29-Jan-24,394.99,402.93,393.1,401.02,398.56,"18,742,400"
26-Jan-24,394.35,396.79,391.59,394.14,391.73,"13,163,700"
25-Jan-24,390.17,395.49,385.66,393.18,390.77,"15,091,100"
24-Jan-24,390,396.15,387.81,390.7,388.31,"15,698,500"
23-Jan-24,384.62,388.38,382.08,385.2,382.84,"15,506,100"
22-Jan-24,387.95,390.35,381.16,381.78,379.44,"17,680,500"
19-Jan-24,379,384.36,377.97,383.45,381.1,"21,670,800"
18-Jan-24,371.49,376.85,370.95,376.13,373.83,"16,354,300"
17-Jan-24,366.3,368.54,358.61,368.37,366.11,"12,724,800"
16-Jan-24,373.65,375.61,367.23,367.46,365.21,"15,306,900"
12-Jan-24,370.16,377.06,369.54,374.49,372.2,"19,310,000"
11-Jan-24,372.13,372.78,362.93,369.67,367.41,"17,205,400"
10-Jan-24,360.17,372.94,359.08,370.47,368.2,"22,117,200"
9-Jan-24,356.4,360.64,355.36,357.43,355.24,"13,463,900"
8-Jan-24,354.7,358.98,352.05,358.66,356.46,"13,890,200"
5-Jan-24,346.99,353.5,346.26,351.95,349.79,"13,920,700"
4-Jan-24,344.5,348.15,343.4,347.12,344.99,"12,099,900"
3-Jan-24,344.98,347.95,343.18,344.47,342.36,"15,451,100"
2-Jan-24,351.32,353.16,340.01,346.29,344.17,"19,042,200"
29-Dec-23,358.99,360,351.82,353.96,351.79,"14,987,100"
28-Dec-23,359.7,361.9,357.81,358.32,356.12,"11,798,800"
27-Dec-23,356.07,359,355.31,357.83,355.64,"13,207,900"
26-Dec-23,354.99,356.98,353.45,354.83,352.66,"9,898,600"
22-Dec-23,355.58,357.2,351.22,353.39,351.22,"11,772,800"
21-Dec-23,352.98,356.41,349.21,354.09,351.92,"15,289,600"
20-Dec-23,348.65,354.96,347.79,349.28,347.14,"16,369,900"
19-Dec-23,345.58,353.6,345.12,350.36,348.21,"17,729,400"
18-Dec-23,337.48,347.56,337.02,344.62,342.51,"18,993,900"
15-Dec-23,331.99,338.66,331.22,334.92,332.87,"31,776,900"
14-Dec-23,333.85,334.7,328.64,333.17,331.13,"19,607,300"
13-Dec-23,333.93,338.37,332.64,334.74,332.69,"16,353,300"
12-Dec-23,324.6,334.47,324.56,334.22,332.17,"18,485,500"
11-Dec-23,329.4,329.89,320,325.28,323.29,"25,802,500"
8-Dec-23,323.09,333.17,323,332.75,330.71,"14,087,400"
7-Dec-23,317.77,328.24,317.77,326.59,324.59,"15,905,100"
6-Dec-23,321.93,322.25,317.04,317.45,315.51,"11,294,300"
5-Dec-23,318.98,321.88,315.39,318.29,316.34,"16,952,100"
4-Dec-23,317.29,320.86,313.66,320.02,318.06,"19,037,100"
1-Dec-23,325.48,326.86,320.76,324.82,322.83,"15,276,400"
30-Nov-23,331.89,333.5,322.4,327.15,325.15,"23,146,400"
29-Nov-23,339.69,339.9,330.78,332.2,330.16,"16,024,500"
28-Nov-23,333.4,339.38,333.4,338.99,336.91,"12,637,200"
27-Nov-23,336.18,339.9,334.2,334.7,332.65,"15,684,500"
24-Nov-23,340.13,341.86,336.77,338.23,336.16,"5,467,500"
22-Nov-23,339.21,342.92,338.58,341.49,339.4,"10,702,700"
21-Nov-23,338.33,339.9,335.9,336.98,334.92,"12,027,900"
20-Nov-23,334.89,341.87,334.19,339.97,337.89,"16,960,500"
17-Nov-23,330.26,335.5,329.35,335.04,332.99,"14,494,400"
16-Nov-23,329.37,334.58,326.38,334.19,332.14,"18,932,600"
15-Nov-23,337.93,338.4,330.02,332.71,330.67,"14,531,200"
14-Nov-23,334.54,338.1,333.33,336.31,334.25,"17,179,400"
13-Nov-23,326.2,332.33,325.7,329.19,327.17,"16,908,900"
10-Nov-23,319.94,329.1,319.46,328.77,326.76,"19,096,200"
9-Nov-23,319.42,324.18,318.8,320.55,318.59,"16,103,100"
8-Nov-23,318.14,321.33,314.88,319.78,317.82,"13,609,700"
7-Nov-23,317.06,321,315.12,318.82,316.87,"14,055,600"
6-Nov-23,315.98,318.33,314.45,315.8,313.87,"12,887,700"
3-Nov-23,312.55,315.55,311.02,314.6,312.67,"16,764,300"
2-Nov-23,317.3,318.82,308.33,310.87,308.97,"21,631,800"
1-Nov-23,301.85,312.74,301.85,311.85,309.94,"20,434,600"
31-Oct-23,303.31,303.68,296.86,301.27,299.42,"19,434,200"
30-Oct-23,299.09,309.4,299.05,302.66,300.81,"28,435,100"
27-Oct-23,294.48,299.31,292.97,296.73,294.91,"29,596,300"
26-Oct-23,295,295,279.4,288.35,286.58,"66,684,100"
25-Oct-23,310,310.88,298.84,299.53,297.69,"42,192,500"
24-Oct-23,316.78,318.35,310.63,312.55,310.63,"19,525,500"
23-Oct-23,309.5,317.36,307.26,314.01,312.09,"17,796,800"
20-Oct-23,314.14,315.3,306.47,308.65,306.76,"22,312,300"
19-Oct-23,319.88,321.89,311.75,312.81,310.89,"18,709,200"
18-Oct-23,321.39,325.94,315.56,316.97,315.03,"16,851,000"
17-Oct-23,318.18,324.4,317.3,324,322.01,"16,387,800"
16-Oct-23,318.64,321.82,315.52,321.15,319.18,"16,536,100"
13-Oct-23,323.53,325.05,312.37,314.69,312.76,"21,341,000"
12-Oct-23,328,330.54,322.69,324.16,322.17,"20,530,500"
11-Oct-23,323.01,328.84,322.95,327.82,325.81,"22,036,300"
10-Oct-23,319.12,324.66,318.16,321.84,319.87,"19,038,000"
9-Oct-23,312.5,320.33,311.82,318.36,316.41,"22,503,700"
6-Oct-23,301.44,316.31,300.91,315.43,313.5,"21,803,900"
5-Oct-23,304.63,306.21,299.5,304.79,302.92,"19,130,000"
4-Oct-23,298.73,306.9,298.5,305.58,303.71,"16,880,500"
3-Oct-23,304.26,306.77,299.64,300.94,299.1,"17,362,300"
2-Oct-23,302.74,307.18,301.63,306.82,304.94,"16,265,600"
29-Sep-23,307.38,310.64,299.36,300.21,298.37,"25,373,700"
28-Sep-23,298.94,306.33,296.7,303.96,302.1,"22,167,100"
27-Sep-23,300.45,301.3,286.79,297.74,295.92,"36,429,800"
26-Sep-23,297.66,300.3,296.01,298.96,297.13,"19,417,200"
25-Sep-23,295.64,300.95,293.7,300.83,298.99,"18,987,000"
22-Sep-23,299.3,305.38,298.27,299.08,297.25,"25,369,600"
21-Sep-23,295.7,300.26,293.27,295.73,293.92,"21,319,600"
20-Sep-23,305.05,308.06,299.43,299.67,297.83,"19,379,500"
19-Sep-23,302.48,306.17,299.81,305.07,303.2,"15,924,400"
18-Sep-23,298.19,303.6,297.8,302.55,300.7,"14,234,200"
15-Sep-23,311.61,312,298.75,300.31,298.47,"28,131,100"
14-Sep-23,306.74,312.87,305.03,311.72,309.81,"19,343,100"
13-Sep-23,302.36,307.18,301.32,305.06,303.19,"13,210,900"
12-Sep-23,306.33,308.66,300.23,301.66,299.81,"13,480,400"
11-Sep-23,301.41,309.04,301.28,307.56,305.68,"19,489,300"
8-Sep-23,299.22,305.25,296.78,297.89,296.06,"17,548,000"
7-Sep-23,298,307.05,292.22,298.67,296.84,"33,748,700"
6-Sep-23,301.71,303.3,295.66,299.17,297.34,"15,418,100"
5-Sep-23,297.02,301.39,295.51,300.15,298.31,"14,956,000"
1-Sep-23,299.37,301.74,294.47,296.38,294.56,"12,842,300"
31-Aug-23,295.8,301.1,295.66,295.89,294.08,"17,229,900"
30-Aug-23,297.17,298.29,293.43,295.1,293.29,"17,717,000"
29-Aug-23,288.58,299.15,288.18,297.99,296.16,"20,844,500"
28-Aug-23,288,291.45,285.8,290.26,288.48,"14,239,300"
25-Aug-23,286.13,288.39,276.03,285.5,283.75,"23,701,400"
24-Aug-23,298.5,299.46,286.64,286.75,284.99,"18,360,900"
23-Aug-23,288.5,297.4,287.67,294.24,292.44,"18,287,000"
22-Aug-23,292.55,292.9,286.75,287.6,285.84,"12,980,200"
21-Aug-23,283.45,290.5,281.85,289.9,288.12,"20,181,500"
18-Aug-23,279.03,285.69,274.38,283.25,281.51,"35,347,900"
17-Aug-23,293.05,296.05,284.95,285.09,283.34,"23,950,100"
16-Aug-23,300.2,301.08,294.28,294.29,292.49,"18,547,700"
15-Aug-23,306.14,307.23,300.03,301.95,300.1,"11,623,600"
14-Aug-23,300.98,306.21,298.25,306.19,304.31,"15,641,900"
11-Aug-23,302.57,304.72,300.36,301.64,299.79,"14,046,300"
10-Aug-23,307.94,312.34,303.87,305.74,303.87,"14,358,900"
9-Aug-23,312.88,313.63,302.85,305.21,303.34,"19,955,800"
8-Aug-23,314.4,317.89,310.11,312.64,310.72,"15,183,500"
7-Aug-23,313.23,317.07,310.46,316.56,314.62,"16,236,500"
4-Aug-23,314.96,318.41,310.2,310.73,308.83,"17,612,800"
3-Aug-23,309.93,315.95,309.93,313.19,311.27,"15,180,200"
2-Aug-23,318,318.39,310.65,314.31,312.38,"20,461,100"
1-Aug-23,317.54,324.14,314.66,322.71,320.73,"22,817,900"
31-Jul-23,323.69,325.66,317.59,318.6,316.65,"25,799,600"
28-Jul-23,316.88,326.2,314.25,325.48,323.49,"39,220,300"
27-Jul-23,325.12,325.35,309.84,311.71,309.8,"64,229,200"
26-Jul-23,301.19,301.77,291.9,298.57,296.74,"47,256,900"
25-Jul-23,295.19,298.3,291.86,294.47,292.67,"19,585,600"
24-Jul-23,295.78,297.52,288.3,291.61,289.82,"24,915,700"
21-Jul-23,304.57,305.46,291.2,294.26,292.46,"42,139,300"
20-Jul-23,313.5,315.54,302.22,302.52,300.67,"23,836,900"
19-Jul-23,313.03,318.68,310.52,316.01,314.07,"21,763,700"
18-Jul-23,310.88,314.2,307.62,312.05,310.14,"20,731,900"
17-Jul-23,307.54,311.71,304.71,310.62,308.72,"25,323,100"
14-Jul-23,311.79,314.88,307.36,308.87,306.98,"23,054,100"
13-Jul-23,313.62,316.24,310.29,313.41,311.49,"30,281,000"
12-Jul-23,301.75,309.45,300.1,309.34,307.44,"36,677,100"
11-Jul-23,293.9,300.18,291.9,298.29,296.46,"27,585,900"
10-Jul-23,295.55,298.13,287.05,294.1,292.3,"37,058,300"
7-Jul-23,292.18,296.2,288.66,290.53,288.75,"25,586,000"
6-Jul-23,295.89,298.12,291.31,291.99,290.2,"47,600,500"
5-Jul-23,287.65,298.12,286.36,294.37,292.57,"33,865,500"
3-Jul-23,286.7,289.4,284.85,286.02,284.27,"8,629,300"
30-Jun-23,284.76,289.05,284.42,286.98,285.22,"19,694,900"
29-Jun-23,284.5,286.57,280.69,281.53,279.81,"15,395,700"
28-Jun-23,284.82,289.55,284.06,285.29,283.54,"16,722,100"
27-Jun-23,282.01,289.35,280.65,287.05,285.29,"26,108,300"
26-Jun-23,288.7,289.79,277.6,278.47,276.76,"24,232,700"
23-Jun-23,281.51,289.67,278.95,288.73,286.96,"51,092,000"
22-Jun-23,279.08,285.26,277.79,284.88,283.13,"17,563,100"
21-Jun-23,283.53,284,278.36,281.64,279.91,"20,556,200"
20-Jun-23,278.73,284.8,276.22,284.33,282.59,"20,701,600"
16-Jun-23,284.75,287.85,280.13,281,279.28,"43,127,700"
15-Jun-23,272.3,283.99,271.42,281.83,280.1,"25,973,500"
14-Jun-23,271.89,274.99,268.32,273.35,271.68,"19,175,100"
13-Jun-23,274.88,275.72,269.09,271.32,269.66,"16,164,000"
12-Jun-23,267.17,271.75,265.33,271.05,269.39,"15,442,500"
9-Jun-23,262.48,267.95,261.7,264.95,263.33,"16,949,800"
8-Jun-23,260.62,267.65,258.88,264.58,262.96,"20,899,400"
7-Jun-23,271.67,274.25,262.8,263.6,261.98,"26,163,600"
6-Jun-23,270.14,276.57,269.69,271.12,269.46,"19,419,000"
5-Jun-23,270.3,275.57,269.56,271.39,269.73,"20,742,900"
2-Jun-23,272.66,275.35,271.12,272.61,270.94,"19,416,900"
1-Jun-23,265.9,274,265.89,272.61,270.94,"25,609,500"
31-May-23,260,265,258.45,264.72,263.1,"25,473,700"
30-May-23,265.25,268.65,261.29,262.52,260.91,"23,816,500"
26-May-23,252.93,262.31,252.71,262.04,260.43,"25,727,200"
25-May-23,253.4,255.62,249.17,252.69,251.14,"22,371,400"
24-May-23,245.28,249.59,244.95,249.21,247.68,"17,724,300"
23-May-23,246.81,251.61,246.65,246.74,245.23,"17,748,100"
22-May-23,245.41,253.57,245.12,248.32,246.8,"27,738,500"
19-May-23,247.47,248.69,243.41,245.64,244.13,"21,733,600"
18-May-23,241.3,247.09,241.19,246.85,245.34,"22,943,300"
17-May-23,238.45,243.84,238.14,242.49,241,"21,193,100"
16-May-23,235.79,239.64,235.52,238.82,237.36,"18,163,800"
15-May-23,236.92,240.26,235.33,238.86,237.4,"20,653,200"
12-May-23,236.74,236.96,231.45,233.81,232.38,"16,161,400"
11-May-23,233.05,238.21,232.3,235.79,234.35,"20,449,000"
10-May-23,236.17,236.75,230.72,233.08,231.65,"19,119,000"
9-May-23,231.46,235.88,231.08,233.37,231.94,"16,865,600"
8-May-23,231.42,235.62,230.27,233.27,231.84,"16,400,500"
5-May-23,232.24,234.68,229.85,232.78,231.35,"27,000,500"
4-May-23,236.06,238.2,232.93,233.52,232.09,"17,889,400"
3-May-23,239.47,241.75,232.75,237.03,235.58,"34,463,900"
2-May-23,243.18,244.92,238.99,239.24,237.77,"24,350,100"
1-May-23,238.62,244,236.46,243.18,241.69,"29,143,900"
28-Apr-23,239.01,240.43,235.75,240.32,238.85,"39,554,000"
27-Apr-23,239.89,241.69,236.77,238.56,237.1,"71,196,500"
26-Apr-23,212.5,214.11,208.88,209.4,208.12,"41,992,700"
25-Apr-23,210.82,211.26,207.13,207.55,206.28,"19,198,200"
24-Apr-23,213.68,213.92,210.71,212.79,211.49,"15,750,900"
21-Apr-23,210.21,213.41,209.58,212.89,211.59,"17,717,200"
20-Apr-23,213.48,216.75,212.77,213.07,211.76,"16,475,400"
19-Apr-23,213.47,217.33,212.93,215.7,214.38,"15,898,100"
18-Apr-23,219.91,220.44,216.21,217.89,216.55,"12,281,000"
17-Apr-23,219.79,220.98,217.13,218.86,217.52,"15,481,900"
14-Apr-23,217.88,222.11,217.55,221.49,220.13,"21,591,200"
13-Apr-23,215.73,221.15,215.69,220.35,219,"23,310,400"
12-Apr-23,214.84,216.84,212.58,214,212.69,"18,972,200"
11-Apr-23,215.48,216.02,213.41,213.85,212.54,"16,710,100"
10-Apr-23,214.71,215.66,210.66,214.75,213.43,"16,106,100"
6-Apr-23,209.25,216.94,208.65,216.1,214.78,"26,104,400"
5-Apr-23,214.15,215.19,209.94,211.48,210.18,"19,396,600"
4-Apr-23,213.39,216.24,212.54,214.72,213.4,"21,026,400"
3-Apr-23,208.84,213.49,208.2,213.07,211.76,"17,924,600"
31-Mar-23,207.24,212.17,206.77,211.94,210.64,"25,440,300"
30-Mar-23,203.38,208.09,202.82,207.84,206.57,"22,608,300"
29-Mar-23,203.56,205.72,202.54,205.35,204.09,"18,851,100"
28-Mar-23,200.15,201.03,197.9,200.68,199.45,"19,127,300"
27-Mar-23,204.81,205.86,201.36,202.84,201.6,"18,527,200"
24-Mar-23,205.18,207.58,203.55,206.01,204.75,"27,716,400"
23-Mar-23,202.84,207.88,202.15,204.28,203.03,"27,389,700"
22-Mar-23,202.5,207.37,199.67,199.81,198.59,"28,477,800"
21-Mar-23,203.2,203.55,197.95,202.16,200.92,"31,827,000"
20-Mar-23,198.48,199.36,193.64,197.81,196.6,"25,186,300"
17-Mar-23,200.56,201.9,195.43,195.61,194.41,"50,141,100"
16-Mar-23,198.26,205.76,196.09,204.93,203.67,"50,447,100"
15-Mar-23,192.95,197.78,190.84,197.75,196.54,"42,123,600"
14-Mar-23,187.58,194.32,186.56,194.02,192.83,"41,642,600"
13-Mar-23,177.96,183.78,174.82,180.9,179.79,"24,728,000"
10-Mar-23,181.01,184.77,178.8,179.51,178.41,"25,665,000"
9-Mar-23,186.35,188.93,180.3,181.69,180.58,"26,582,800"
8-Mar-23,182.87,185.26,181.34,184.97,183.84,"19,432,400"
7-Mar-23,189,190.36,184.01,184.51,183.38,"36,701,500"
6-Mar-23,188,189.66,184.64,184.9,183.77,"33,209,400"
3-Mar-23,178.92,186.62,177.05,185.25,184.11,"45,877,700"
2-Mar-23,172.38,175.01,171.43,174.53,173.46,"17,352,000"
1-Mar-23,174.59,177.85,173.05,173.42,172.36,"30,998,400"
28-Feb-23,171.9,177.55,171.87,174.94,173.87,"46,051,100"
27-Feb-23,171.88,173.12,169.06,169.54,168.5,"19,277,000"
24-Feb-23,168.64,170.72,167.66,170.39,169.35,"19,791,300"
23-Feb-23,172,173.69,169.38,172.04,170.99,"20,017,800"
22-Feb-23,171.07,172.76,169.69,171.12,170.07,"22,433,200"
21-Feb-23,174.31,178.17,171.88,172.08,171.03,"34,592,600"
17-Feb-23,170.22,173.18,169.7,172.88,171.82,"24,171,300"
16-Feb-23,172.75,175.85,171.79,172.44,171.38,"25,827,500"
15-Feb-23,176.42,178.19,175.33,177.16,176.07,"25,308,900"
14-Feb-23,177.16,181.51,175.88,179.48,178.38,"24,034,600"
13-Feb-23,178.22,181,175.82,179.43,178.33,"31,463,200"
10-Feb-23,176.35,178.89,173.35,174.15,173.08,"33,433,600"
9-Feb-23,186.13,186.65,177.27,177.92,176.83,"37,118,800"
8-Feb-23,190,190.83,182.92,183.43,182.31,"36,139,100"
7-Feb-23,185.58,193.78,184.4,191.62,190.45,"47,080,700"
6-Feb-23,186.53,190.7,185.52,186.06,184.92,"42,483,800"
3-Feb-23,183.47,196.77,182.89,186.53,185.39,"76,809,700"
2-Feb-23,183.38,197.16,180.16,188.77,187.61,"150,475,700"
1-Feb-23,148.03,153.58,147.06,153.12,152.18,"55,661,000"
31-Jan-23,147.95,149.88,147.52,148.97,148.06,"29,842,100"
30-Jan-23,149.41,151.12,146.95,147.06,146.16,"28,040,100"
27-Jan-23,148.24,153.19,147.39,151.74,150.81,"35,771,900"
26-Jan-23,144.4,147.51,143.3,147.3,146.4,"25,482,100"
25-Jan-23,141.22,143.17,140.31,141.5,140.63,"26,622,000"
24-Jan-23,141.69,145,141.36,143.14,142.26,"21,970,200"
23-Jan-23,139.29,143.76,138.66,143.27,142.39,"27,470,100"
20-Jan-23,135.89,139.94,134.61,139.37,138.52,"28,688,600"
19-Jan-23,132.49,137.45,132.14,136.15,135.32,"28,625,200"
18-Jan-23,135.81,137.25,132.8,133.02,132.21,"20,215,500"
17-Jan-23,136.18,136.75,134.25,135.36,134.53,"21,147,600"
13-Jan-23,134.97,137.39,134.84,136.98,136.14,"22,423,800"
12-Jan-23,133.44,137.68,131.76,136.71,135.87,"30,757,700"
11-Jan-23,130.96,133.85,130.34,132.89,132.08,"25,423,000"
10-Jan-23,127.27,133.44,127.15,132.99,132.18,"28,684,400"
9-Jan-23,131.16,132.95,129.28,129.47,128.68,"26,649,100"
6-Jan-23,128.97,130.33,126.04,130.02,129.22,"27,584,500"
5-Jan-23,126.13,128.52,124.54,126.94,126.16,"25,447,100"
4-Jan-23,127.38,129.05,125.85,127.37,126.59,"32,397,100"
3-Jan-23,122.82,126.37,122.28,124.74,123.98,"35,528,500"
30-Dec-22,118.16,120.42,117.74,120.34,119.6,"19,583,800"
29-Dec-22,116.4,121.03,115.77,120.26,119.52,"22,366,200"
28-Dec-22,116.25,118.15,115.51,115.62,114.91,"19,612,500"
27-Dec-22,117.93,118.6,116.05,116.88,116.16,"21,392,300"
23-Dec-22,116.03,118.18,115.54,118.04,117.32,"17,796,600"
22-Dec-22,117.2,118.62,114.38,117.12,116.4,"23,618,100"
21-Dec-22,116.7,120.34,115.62,119.76,119.03,"20,392,800"
20-Dec-22,113.26,117.33,112.46,117.09,116.37,"28,742,500"
19-Dec-22,116.83,117.8,114.33,114.48,113.78,"29,769,900"
16-Dec-22,120.23,123.31,118.82,119.43,118.7,"67,064,000"
15-Dec-22,118.33,118.63,114.01,116.15,115.44,"34,531,000"
14-Dec-22,119.39,124.14,119.39,121.59,120.85,"36,922,000"
13-Dec-22,122.13,123.3,118.64,120.15,119.41,"44,701,100"
12-Dec-22,115.18,115.72,113.14,114.71,114.01,"24,747,100"
9-Dec-22,115.3,117.54,113.87,115.9,115.19,"26,033,400"
8-Dec-22,116.39,117.34,114.59,115.33,114.62,"30,619,400"
7-Dec-22,113.76,115.88,112.88,113.93,113.23,"29,461,100"
6-Dec-22,119.91,120.55,113.74,114.12,113.42,"43,689,200"
5-Dec-22,121.75,124.67,121.35,122.43,121.68,"35,474,900"
2-Dec-22,117.83,124.04,117.61,123.49,122.73,"39,950,500"
1-Dec-22,119.2,121.2,118.4,120.44,119.7,"36,551,400"
30-Nov-22,109.51,118.16,109.38,118.1,117.38,"43,348,600"
29-Nov-22,109.54,110.94,108.54,109.46,108.79,"23,899,200"
28-Nov-22,110.78,112.04,108.38,108.78,108.11,"23,309,400"
25-Nov-22,111.3,112.73,111.02,111.41,110.73,"12,007,600"
23-Nov-22,111.72,112.67,110.73,112.24,111.55,"21,343,100"
22-Nov-22,109.86,111.62,108.32,111.44,110.76,"29,029,000"
21-Nov-22,111.52,112.37,109.19,109.86,109.19,"24,351,100"
18-Nov-22,113.8,114.32,110.62,112.05,111.36,"33,357,700"
17-Nov-22,110.41,112.33,109.8,111.45,110.77,"35,093,800"
16-Nov-22,114.5,116.08,112.66,113.23,112.54,"33,287,800"
15-Nov-22,116.07,118.74,114.41,117.08,116.36,"50,670,500"
14-Nov-22,110.99,116.27,110.8,114.22,113.52,"53,395,000"
11-Nov-22,109.23,114.9,108.81,113.02,112.33,"59,961,700"
10-Nov-22,107.12,112.75,104.61,111.87,111.18,"80,671,000"
9-Nov-22,101.72,104.9,100.74,101.47,100.85,"107,677,300"
8-Nov-22,95.92,97.8,94.79,96.47,95.88,"52,088,300"
7-Nov-22,94.78,96.88,93.1,96.72,96.13,"81,987,300"
4-Nov-22,90.35,91.39,88.09,90.79,90.23,"55,638,100"
3-Nov-22,90.08,90.46,88.41,88.91,88.37,"60,664,000"
2-Nov-22,94.21,95.2,90.48,90.54,89.99,"71,821,100"
1-Nov-22,94.33,97.49,93.55,95.2,94.62,"110,189,600"
31-Oct-22,98.22,99.32,92.6,93.16,92.59,"121,361,400"
28-Oct-22,99.58,100.85,97.51,99.2,98.59,"95,928,300"
27-Oct-22,97.98,102.5,96.38,97.94,97.34,"232,316,600"
26-Oct-22,131.68,135.55,128.53,129.82,129.02,"82,791,500"
25-Oct-22,130.88,138.35,130.59,137.51,136.67,"38,433,200"
24-Oct-22,127.25,133.48,124.57,129.72,128.93,"63,563,400"
21-Oct-22,126.31,130.12,125.44,130.01,129.21,"46,348,600"
20-Oct-22,132.93,136.77,131.31,131.53,130.72,"26,356,300"
19-Oct-22,132.89,137,132.22,133.23,132.41,"30,691,000"
18-Oct-22,137.09,137.84,131.4,132.8,131.99,"25,445,000"
17-Oct-22,130.3,134.79,130.18,134.04,133.22,"29,612,200"
14-Oct-22,131,131.79,126.52,126.76,125.98,"23,559,400"
13-Oct-22,123.53,131.14,122.53,130.29,129.49,"34,325,700"
12-Oct-22,128.32,129.67,126.25,127.5,126.72,"34,605,200"
11-Oct-22,131.62,132.66,126.99,128.54,127.75,"38,481,400"
10-Oct-22,133.55,136.11,131.87,133.79,132.97,"24,024,000"
7-Oct-22,136.76,138.29,132.44,133.45,132.63,"33,214,800"
6-Oct-22,137.72,141.45,136.6,139.07,138.22,"36,231,100"
5-Oct-22,138.24,140.21,134.78,138.98,138.13,"27,979,300"
4-Oct-22,140.49,142.39,139.34,140.28,139.42,"34,670,700"
3-Oct-22,137.14,139.62,136.1,138.61,137.76,"27,723,100"
30-Sep-22,136.05,140.99,135.5,135.68,134.85,"33,166,400"
29-Sep-22,139.36,139.84,135.2,136.41,135.57,"38,985,400"
28-Sep-22,134.62,142.03,134.27,141.61,140.74,"32,658,500"
27-Sep-22,137.92,139.42,134.12,134.4,133.58,"30,826,500"
26-Sep-22,140.12,142.24,136.19,136.37,135.53,"30,497,000"
23-Sep-22,141.42,142.62,138.89,140.41,139.55,"31,710,700"
22-Sep-22,141.55,144.58,140.87,142.82,141.94,"34,418,500"
21-Sep-22,146.39,149.6,142,142.12,141.25,"38,338,600"
20-Sep-22,145.78,148.84,145.22,146.09,145.19,"23,217,400"
19-Sep-22,145.24,148.58,145.1,148.02,147.11,"22,169,500"
16-Sep-22,148.05,148.58,144.29,146.29,145.39,"40,122,800"
15-Sep-22,149.8,154.2,148.7,149.55,148.63,"34,606,300"
14-Sep-22,153.33,153.54,149.05,151.47,150.54,"43,064,200"
13-Sep-22,161.54,161.63,152.67,153.13,152.19,"44,444,100"
12-Sep-22,167.39,171.39,167.28,168.96,167.92,"23,220,400"
9-Sep-22,163.25,169.54,163.02,169.15,168.11,"22,086,800"
8-Sep-22,158.71,162.23,157.74,162.06,161.07,"22,530,800"
7-Sep-22,157.76,160.96,156.81,160.39,159.41,"16,831,200"
6-Sep-22,160.1,161.69,157.69,158.54,157.57,"19,339,800"
2-Sep-22,167.45,167.93,159.22,160.32,159.34,"22,634,200"
1-Sep-22,163.58,167.36,160.35,165.36,164.35,"30,145,700"
31-Aug-22,167.07,167.84,162.14,162.93,161.93,"40,953,000"
30-Aug-22,160.35,161.66,155.91,157.16,156.2,"19,567,900"
29-Aug-22,160.66,163.05,159.01,159.17,158.19,"20,052,700"
26-Aug-22,168.48,170.92,161.67,161.78,160.79,"24,023,600"
25-Aug-22,165.18,168.88,164.02,168.78,167.75,"15,550,500"
24-Aug-22,160.6,165.46,159.77,163.26,162.26,"20,891,500"
23-Aug-22,162.48,165.05,160.7,161.11,160.12,"18,111,800"
22-Aug-22,165.49,165.49,162.26,163.05,162.05,"19,499,700"
19-Aug-22,170.2,172.32,167.05,167.96,166.93,"26,240,800"
18-Aug-22,174.34,175.76,171.86,174.66,173.59,"18,844,500"
17-Aug-22,176.76,178.14,174.17,174.85,173.78,"20,118,100"
16-Aug-22,179.44,180.99,177.04,179.47,178.37,"21,156,700"
15-Aug-22,178.96,181.44,178.2,180.89,179.78,"15,878,700"
12-Aug-22,180.81,181.46,178.91,180.5,179.39,"21,274,000"
11-Aug-22,179.71,183.1,176.37,177.49,176.4,"24,079,100"
10-Aug-22,175.99,180.48,173.95,178.34,177.25,"30,262,100"
9-Aug-22,168.95,169.53,166.6,168.53,167.5,"18,655,100"
8-Aug-22,168,177.51,167.13,170.25,169.21,"27,299,100"
5-Aug-22,166.99,171.61,165.8,167.11,166.09,"25,832,700"
4-Aug-22,168.3,172.15,166.8,170.57,169.52,"23,938,200"
3-Aug-22,162.69,169.54,161.57,168.8,167.77,"31,721,900"
2-Aug-22,158.31,162.24,158.01,160.19,159.21,"27,374,500"
1-Aug-22,157.25,165.19,155.23,159.93,158.95,"40,596,700"
29-Jul-22,157.69,160.14,155.17,159.1,158.13,"42,065,400"
28-Jul-22,161.06,161.51,154.85,160.72,159.74,"73,214,300"
27-Jul-22,162.59,170.87,162.02,169.58,168.54,"43,846,600"
26-Jul-22,165.94,166,157.95,159.15,158.17,"28,468,400"
25-Jul-22,169,170.57,164.81,166.65,165.63,"26,166,300"
22-Jul-22,173.07,175.6,168.41,169.27,168.23,"42,583,900"
21-Jul-22,180.63,183.85,178.87,183.17,182.05,"27,195,800"
20-Jul-22,177.49,183.6,176.7,183.09,181.97,"24,784,300"
19-Jul-22,170.37,176.49,169.51,175.78,174.7,"25,933,700"
18-Jul-22,166.75,171.69,165.64,167.23,166.21,"23,574,300"
15-Jul-22,160.54,164.98,159.82,164.7,163.69,"23,342,800"
14-Jul-22,161.22,162.59,157.28,158.05,157.08,"23,765,200"
13-Jul-22,160.16,164.98,159.61,163.49,162.49,"16,555,100"
12-Jul-22,164.8,165.91,162.1,163.27,162.27,"16,639,700"
11-Jul-22,167.07,167.49,161.91,162.88,161.88,"21,885,600"
8-Jul-22,169.98,172.4,168.15,170.88,169.83,"19,249,200"
7-Jul-22,169.45,172.72,167.78,172.19,171.13,"24,083,400"
6-Jul-22,168.2,171.59,165.46,169.77,168.73,"23,085,900"
5-Jul-22,158.14,168.25,157.02,168.19,167.16,"28,618,600"
1-Jul-22,160.31,160.62,155,160.03,159.05,"31,423,900"
30-Jun-22,162.15,165.23,158.49,161.25,160.26,"35,250,600"
29-Jun-22,163.57,166.33,160.32,163.94,162.94,"28,595,200"
28-Jun-22,169.9,171.3,160.61,160.68,159.7,"27,744,500"
27-Jun-22,171.32,171.75,168.01,169.49,168.45,"29,174,600"
24-Jun-22,161.73,170.25,161.3,170.16,169.12,"68,736,000"
23-Jun-22,156.27,159.75,154.25,158.75,157.78,"40,499,200"
22-Jun-22,158.38,160.79,155.44,155.85,154.9,"47,267,800"
21-Jun-22,165.93,167.76,155.97,157.05,156.09,"50,724,900"
17-Jun-22,161.68,165.9,159.9,163.74,162.74,"31,374,200"
16-Jun-22,163.72,165.08,159.61,160.87,159.88,"26,944,100"
15-Jun-22,167.2,172.16,163.98,169.35,168.31,"30,008,300"
14-Jun-22,166.03,166.75,161.36,163.73,162.73,"27,244,300"
13-Jun-22,170.59,172.58,164.03,164.26,163.25,"31,749,300"
10-Jun-22,183.04,183.1,175.02,175.57,174.49,"27,450,800"
9-Jun-22,194.28,199.45,183.68,184,182.87,"23,501,600"
8-Jun-22,194.67,202.03,194.41,196.64,195.44,"22,267,200"
7-Jun-22,191.93,196.53,191.49,195.65,194.45,"18,828,700"
6-Jun-22,193.99,196.92,188.4,194.25,193.06,"30,574,200"
3-Jun-22,195.98,196.61,189.78,190.78,189.61,"19,465,000"
2-Jun-22,188.45,200.94,187.73,198.86,197.64,"31,951,600"
1-Jun-22,196.51,199.53,185,188.64,187.48,"36,623,500"
31-May-22,194.89,197.6,192.01,193.64,192.45,"26,131,100"
27-May-22,191.36,195.33,189.8,195.13,193.93,"22,562,700"
26-May-22,182.88,192.83,182.26,191.63,190.46,"23,056,500"
25-May-22,180.4,185.45,179.32,183.83,182.7,"28,030,200"
24-May-22,180.55,183.68,176.11,181.28,180.17,"50,406,300"
23-May-22,195.19,196.99,191.24,196.23,195.03,"25,059,200"
20-May-22,194.97,197.91,187.87,193.54,192.35,"31,465,600"
19-May-22,191.2,195.29,189.6,191.29,190.12,"24,446,900"
18-May-22,200,201,191.63,192.24,191.06,"23,960,000"
17-May-22,202.12,205.46,198.36,202.62,201.38,"24,872,700"
16-May-22,197.05,205.37,195.93,200.04,198.81,"27,112,600"
13-May-22,192.58,199.89,191.28,198.62,197.4,"24,549,800"
12-May-22,187.06,198.05,184.78,191.24,190.07,"38,262,200"
11-May-22,196.33,200.67,188.27,188.74,187.58,"31,153,400"
10-May-22,199.51,202.96,194.19,197.65,196.44,"34,452,500"
9-May-22,199.84,202.57,195.58,196.21,195.01,"36,303,200"
6-May-22,207.34,209.38,201.02,203.77,202.52,"34,747,200"
5-May-22,218.74,220.17,206.16,208.28,207,"41,129,200"
4-May-22,210.65,224.3,206.96,223.41,222.04,"41,375,900"
3-May-22,210.45,214.9,208.09,212.03,210.73,"41,556,300"
2-May-22,201.17,211.88,200.99,211.13,209.84,"49,915,300"
29-Apr-22,204.46,212.48,199.9,200.47,199.24,"49,193,400"
28-Apr-22,202.92,208.53,192.9,205.73,204.47,"100,890,600"
27-Apr-22,174.43,181.21,169,174.95,173.88,"71,062,900"
26-Apr-22,186.63,187.19,179.5,180.95,179.84,"31,747,400"
25-Apr-22,182.73,187.18,181.66,186.99,185.84,"29,281,100"
22-Apr-22,190.37,192.72,183.27,184.11,182.98,"36,426,800"
21-Apr-22,201.6,202.97,185.58,188.07,186.92,"49,954,100"
20-Apr-22,213.61,214.16,198.92,200.42,199.19,"43,036,500"
19-Apr-22,210.52,218.43,209,217.31,215.98,"20,089,900"
18-Apr-22,210,213.38,208.3,210.77,209.48,"16,580,800"
14-Apr-22,214.89,214.99,210,210.18,208.89,"18,379,500"
13-Apr-22,211.82,216.61,211.33,214.99,213.67,"19,231,800"
12-Apr-22,220.24,222.03,213.13,214.14,212.83,"20,128,800"
11-Apr-22,218.42,220.61,215.22,216.46,215.13,"20,516,600"
8-Apr-22,222.38,225.13,220.03,222.33,220.97,"18,375,700"
7-Apr-22,223.93,225.52,218.56,222.95,221.58,"21,037,200"
6-Apr-22,226.91,228.99,221.41,223.3,221.93,"28,995,100"
5-Apr-22,234.08,236.86,231.02,231.84,230.42,"29,727,200"
4-Apr-22,225.98,234.35,225.86,233.89,232.46,"28,054,800"
1-Apr-22,224.55,227.28,222.7,224.85,223.47,"19,544,800"
31-Mar-22,228.45,228.49,222.26,222.36,221,"24,192,300"
30-Mar-22,228.91,231.15,226.71,227.85,226.45,"25,588,000"
29-Mar-22,226.07,230.89,225.29,229.86,228.45,"31,417,900"
28-Mar-22,222.13,224.04,219.54,223.59,222.22,"26,224,100"
25-Mar-22,220.51,225.5,218.89,221.82,220.46,"40,039,000"
24-Mar-22,215,220.67,214.79,219.57,218.22,"31,502,300"
23-Mar-22,213.33,216.8,212.16,213.46,212.15,"23,717,300"
22-Mar-22,211.37,219.46,210.18,216.65,215.32,"31,998,800"
21-Mar-22,214.5,214.71,207.63,211.49,210.19,"30,142,300"
18-Mar-22,206.7,216.8,206,216.49,215.16,"52,128,000"
17-Mar-22,201.7,208.04,201.11,207.84,206.57,"29,499,700"
16-Mar-22,194.7,203.73,194.52,203.63,202.38,"40,640,300"
15-Mar-22,190.8,192.28,185.91,192.03,190.85,"31,721,700"
14-Mar-22,187.03,192.29,185.82,186.63,185.49,"31,010,500"
11-Mar-22,192.64,193.56,186.67,187.61,186.46,"34,694,500"
10-Mar-22,194.84,196.28,191.07,195.21,194.01,"24,853,000"
9-Mar-22,195.74,199.1,193.92,198.5,197.28,"31,894,700"
8-Mar-22,187.85,196.7,186.11,190.29,189.12,"37,508,100"
7-Mar-22,200.79,200.89,187.28,187.47,186.32,"38,560,600"
4-Mar-22,202.37,205.89,198.79,200.06,198.83,"32,130,900"
3-Mar-22,209.02,209.08,201.42,202.97,201.73,"27,263,500"
2-Mar-22,204.78,209.15,202.02,208.11,206.83,"29,452,100"
1-Mar-22,209.87,211.75,202.22,203.49,202.24,"27,094,900"
28-Feb-22,207.68,213.15,206.83,211.03,209.74,"34,239,800"
25-Feb-22,204.94,211.32,203.18,210.48,209.19,"37,627,600"
24-Feb-22,191.06,208.35,190.22,207.6,206.33,"49,957,200"
23-Feb-22,204.16,206.94,198.05,198.45,197.23,"44,481,400"
22-Feb-22,202.34,207.48,200.06,202.08,200.84,"39,852,400"
18-Feb-22,209.39,210.75,205.18,206.16,204.9,"37,128,400"
17-Feb-22,214.02,217.5,207.16,207.71,206.44,"38,747,500"
16-Feb-22,212.41,217.46,212.36,216.54,215.21,"45,817,500"
15-Feb-22,220.47,221.15,215.06,221,219.65,"42,685,500"
14-Feb-22,219.31,221,214.78,217.7,216.37,"38,184,000"
11-Feb-22,228.46,230.42,218.77,219.55,218.2,"46,156,900"
10-Feb-22,228.27,235,226.7,228.07,226.67,"49,310,400"
9-Feb-22,224.2,233.37,222.21,232,230.58,"86,563,300"
8-Feb-22,220.85,225.77,216.15,220.18,218.83,"94,729,700"
7-Feb-22,237.7,238.3,224.01,224.91,223.53,"88,613,800"
4-Feb-22,234.97,242.61,230.11,237.09,235.64,"89,342,200"
3-Feb-22,244.65,248,235.75,237.76,236.3,"188,119,900"
2-Feb-22,327.82,328,316.87,323,321.02,"58,458,300"
1-Feb-22,314.56,319.66,312.12,319,317.05,"18,023,800"
31-Jan-22,300.68,313.79,299.32,313.26,311.34,"21,579,500"
28-Jan-22,295.62,301.9,293.03,301.71,299.86,"21,871,600"
27-Jan-22,297.75,301.71,294.26,294.64,292.83,"21,629,900"
26-Jan-22,307.01,307.51,290.85,294.63,292.82,"28,348,800"
25-Jan-22,299.95,306.23,297.58,300.15,298.31,"25,108,500"
24-Jan-22,297.84,309.53,289.01,308.71,306.82,"38,878,100"
21-Jan-22,314.81,318.31,303.04,303.17,301.31,"28,710,700"
20-Jan-22,323.9,327.82,315.98,316.56,314.62,"16,925,000"
19-Jan-22,319.58,327.1,319.33,319.59,317.63,"20,814,700"
18-Jan-22,323.29,324.21,317.64,318.15,316.2,"22,645,600"
14-Jan-22,321.79,332.73,321.21,331.9,329.87,"16,868,500"
13-Jan-22,334.98,335.63,325.76,326.48,324.48,"14,797,100"
12-Jan-22,335.18,336.37,330.03,333.26,331.22,"14,104,900"
11-Jan-22,326.78,334.63,325.28,334.37,332.32,"16,226,800"
10-Jan-22,325.31,328.34,315.43,328.07,326.06,"24,942,400"
7-Jan-22,332.74,337,328.88,331.79,329.76,"14,722,000"
6-Jan-22,322.82,339.17,322.72,332.46,330.42,"27,962,800"
5-Jan-22,333.02,335.76,323.84,324.17,322.18,"20,564,500"
4-Jan-22,339.95,343.09,331.87,336.53,334.47,"15,998,000"
3-Jan-22,338.3,341.08,337.19,338.54,336.47,"14,537,900"
31-Dec-21,343.02,343.44,336.27,336.35,334.29,"12,870,500"
30-Dec-21,344,347.23,343.22,344.36,342.25,"10,593,300"
29-Dec-21,346.91,349.69,341.64,342.94,340.84,"10,747,000"
28-Dec-21,346.63,352.71,345.2,346.22,344.1,"16,637,600"
27-Dec-21,338.85,347.87,338.01,346.18,344.06,"17,795,000"
23-Dec-21,330.1,336.67,328.36,335.24,333.19,"13,987,700"
22-Dec-21,333.8,334.51,328.26,330.45,328.43,"16,764,600"
21-Dec-21,326.41,336,323.75,334.2,332.15,"16,116,800"
20-Dec-21,329.78,329.9,322.53,325.45,323.46,"17,901,800"
17-Dec-21,332.8,337.11,330.75,333.79,331.74,"40,012,600"
16-Dec-21,338.98,344.46,333.74,334.9,332.85,"22,635,000"
15-Dec-21,332.49,342.11,323.98,341.66,339.57,"24,681,300"
14-Dec-21,328.05,335.7,327.65,333.74,331.7,"20,461,000"
13-Dec-21,330.95,341.09,329.59,334.49,332.44,"22,948,700"
10-Dec-21,332.56,335.03,326.37,329.75,327.73,"14,528,000"
9-Dec-21,329.54,336.13,328,329.82,327.8,"16,879,200"
8-Dec-21,325,332.75,323.07,330.56,328.53,"19,937,700"
7-Dec-21,321.57,326.54,321,322.81,320.83,"18,794,000"
6-Dec-21,308.13,320.1,306.34,317.87,315.92,"21,758,300"
3-Dec-21,313.73,313.75,299.5,306.84,304.96,"27,471,000"
2-Dec-21,311.4,314.6,307.2,310.39,308.49,"24,396,200"
1-Dec-21,330.29,330.5,310.29,310.6,308.7,"30,329,600"
30-Nov-21,335,335.81,323.43,324.46,322.47,"25,390,000"
29-Nov-21,336.89,340.67,335.31,338.03,335.96,"16,650,900"
26-Nov-21,335.8,337.75,331.9,333.12,331.08,"14,750,700"
24-Nov-21,336,341.78,332.81,341.06,338.97,"13,566,200"
23-Nov-21,338.93,341.4,333.5,337.25,335.18,"17,225,000"
22-Nov-21,349.05,353.83,340.51,341.01,338.92,"27,116,800"
19-Nov-21,342.2,352.1,339.9,345.3,343.18,"26,488,500"
18-Nov-21,339.72,342.46,335.3,338.69,336.61,"17,487,200"
17-Nov-21,344.24,347.3,340.1,340.77,338.68,"13,602,800"
16-Nov-21,343.83,346.65,340.87,342.96,340.86,"18,181,100"
15-Nov-21,344.34,353.65,343.2,347.56,345.43,"25,076,600"
12-Nov-21,330.18,341.86,329.78,340.89,338.8,"25,414,300"
11-Nov-21,329.82,332.46,327,327.74,325.73,"12,376,600"
10-Nov-21,332.49,333.19,325.51,327.64,325.63,"21,872,600"
9-Nov-21,340,341.31,334.47,335.37,333.32,"17,556,700"
8-Nov-21,344.42,344.79,338.34,338.62,336.55,"18,342,500"
5-Nov-21,340.31,346.79,339.64,341.13,339.04,"26,872,800"
4-Nov-21,334.01,337.27,332.65,335.85,333.79,"22,495,300"
3-Nov-21,327.49,332.15,323.2,331.62,329.59,"20,786,500"
2-Nov-21,331.38,334.79,323.8,328.08,326.07,"28,353,000"
1-Nov-21,326.04,333.45,326,329.98,327.96,"31,518,900"
29-Oct-21,320.19,326,319.6,323.57,321.59,"37,059,400"
28-Oct-21,312.99,325.52,308.11,316.92,314.98,"50,806,800"
27-Oct-21,314.19,319.25,312.06,312.22,310.31,"29,971,800"
26-Oct-21,328.26,330.21,309.6,315.81,313.88,"65,654,000"
25-Oct-21,320.3,329.56,319.72,328.69,326.68,"38,409,000"
22-Oct-21,326.35,329.63,321.11,324.61,322.62,"35,224,500"
21-Oct-21,340.28,342.31,337.8,341.88,339.79,"16,354,400"
20-Oct-21,343.45,343.98,339.45,340.78,338.69,"13,639,500"
19-Oct-21,339.65,342.46,337.28,339.99,337.91,"18,786,300"
18-Oct-21,328.95,335.89,327.5,335.34,333.29,"21,585,000"
15-Oct-21,328.68,329.07,322.51,324.76,322.77,"21,596,400"
14-Oct-21,328.36,330.52,327.1,328.53,326.52,"14,302,200"
13-Oct-21,326.97,327,322.66,324.54,322.55,"14,761,500"
12-Oct-21,323.03,324.38,317.37,323.77,321.79,"31,658,700"
11-Oct-21,327.63,330.46,325.31,325.45,323.46,"14,708,200"
8-Oct-21,331.51,333.4,328.71,330.05,328.03,"15,946,100"
7-Oct-21,337,338.84,328.98,329.22,327.2,"28,307,500"
6-Oct-21,329.74,334.38,325.8,333.64,331.6,"26,443,000"
5-Oct-21,328.58,335.18,326.16,332.96,330.92,"35,377,900"
4-Oct-21,335.53,335.94,322.7,326.23,324.23,"42,885,000"
1-Oct-21,341.61,345.02,338.64,343.01,340.91,"14,905,300"
30-Sep-21,340.45,342.8,338.15,339.39,337.31,"16,547,100"
29-Sep-21,343.15,345.23,338.88,339.61,337.53,"14,452,200"
28-Sep-21,347.97,349.6,338.92,340.65,338.56,"21,710,300"
27-Sep-21,349.81,355.15,347.08,353.58,351.41,"15,205,800"
24-Sep-21,343.24,354.35,342.37,352.96,350.8,"18,801,900"
23-Sep-21,345.36,349.67,343,345.96,343.84,"21,806,300"
22-Sep-21,347.23,349.84,340.69,343.21,341.11,"43,692,900"
21-Sep-21,358.5,360.04,355.19,357.48,355.29,"11,751,900"
20-Sep-21,359.3,361.03,349.8,355.7,353.52,"19,822,800"
17-Sep-21,371.41,371.41,361.59,364.72,362.49,"26,299,000"
16-Sep-21,372.79,373.56,369.71,373.06,370.77,"11,934,200"
15-Sep-21,377,377.56,367.67,373.92,371.63,"17,940,300"
14-Sep-21,377.4,378.59,375.11,376.53,374.22,"8,711,600"
13-Sep-21,381.68,381.75,374.35,376.51,374.2,"13,026,300"
10-Sep-21,381.36,383.79,378.26,378.69,376.37,"11,549,600"
9-Sep-21,377.64,379.83,376.57,378,375.68,"9,098,900"
8-Sep-21,380.16,380.87,374.79,377.57,375.26,"11,067,200"
7-Sep-21,375.88,382.96,373.15,382.18,379.84,"10,793,800"
3-Sep-21,374.75,377.16,373.11,376.26,373.95,"7,509,600"
2-Sep-21,381.5,381.75,374.06,375.28,372.98,"14,832,900"
1-Sep-21,379.59,384.33,378.81,382.05,379.71,"11,567,200"
31-Aug-21,379.95,382.76,378.8,379.38,377.06,"12,345,400"
30-Aug-21,372.56,381.49,370.52,380.66,378.33,"13,547,300"
27-Aug-21,365.1,373.74,364.08,372.63,370.35,"11,219,100"
26-Aug-21,368.38,369.44,364.13,364.38,362.15,"7,888,700"
25-Aug-21,365.6,370.86,365.4,368.39,366.13,"9,684,500"
24-Aug-21,363.66,367.96,361.84,365.51,363.27,"9,235,100"
23-Aug-21,359.44,365.69,359.1,363.35,361.12,"10,942,000"
20-Aug-21,354.6,359.99,353.31,359.37,357.17,"8,697,700"
19-Aug-21,351.35,357.57,351,355.12,352.94,"12,004,500"
18-Aug-21,356.25,359.86,355.15,355.45,353.27,"10,042,400"
17-Aug-21,362.98,364.67,355.07,358.45,356.25,"12,328,700"
16-Aug-21,362.52,366.95,357.38,366.56,364.31,"11,222,100"
13-Aug-21,362.97,364.66,361.48,363.18,360.95,"7,195,700"
12-Aug-21,358.45,363,357.11,362.65,360.43,"7,170,700"
11-Aug-21,362.1,362.36,357.81,359.96,357.75,"8,400,300"
10-Aug-21,361.83,364.1,359.04,361.13,358.92,"7,469,900"
9-Aug-21,363.76,365.78,360.75,361.61,359.39,"7,798,900"
6-Aug-21,361.4,365.15,361.4,363.51,361.28,"8,925,000"
5-Aug-21,359.64,363.9,356.9,362.97,360.75,"10,247,200"
4-Aug-21,352.42,360.48,351.51,358.92,356.72,"14,180,600"
3-Aug-21,352.73,353.77,347.7,351.24,349.09,"12,406,100"
2-Aug-21,358.1,359.4,350.74,351.95,349.79,"13,180,400"
30-Jul-21,354,360.73,352.94,356.3,354.12,"15,976,200"
29-Jul-21,361,365.52,356.74,358.32,356.12,"33,413,200"
28-Jul-21,374.56,377.55,366.93,373.28,370.99,"29,676,900"
27-Jul-21,371.91,373.15,364.55,367.81,365.56,"15,705,400"
26-Jul-21,369.58,374.44,368.22,372.46,370.18,"14,925,200"
23-Jul-21,360.91,375.33,357.19,369.79,367.52,"33,694,300"
22-Jul-21,346.68,351.54,345.21,351.19,349.04,"12,385,400"
21-Jul-21,341.5,346.52,341.25,346.23,344.11,"9,279,700"
20-Jul-21,338.8,343.45,334.5,341.66,339.57,"11,024,300"
19-Jul-21,337.57,339.79,334.54,336.95,334.89,"14,372,300"
16-Jul-21,344.91,345.99,340.14,341.16,339.07,"11,026,100"
15-Jul-21,349.23,349.23,340.22,344.46,342.35,"14,781,600"
14-Jul-21,354.56,355.2,346.73,347.63,345.5,"13,894,200"
13-Jul-21,351.5,358.49,348.8,352.09,349.93,"11,456,000"
12-Jul-21,351.23,354.19,349.64,353.16,351,"10,018,600"
9-Jul-21,345.32,350.71,345.27,350.42,348.27,"13,018,700"
8-Jul-21,345.73,348.33,342.56,345.65,343.53,"14,406,500"
7-Jul-21,355.26,356.49,350,350.49,348.34,"14,218,900"
6-Jul-21,356.5,358.79,349.18,352.78,350.62,"13,488,500"
2-Jul-21,355.1,356.44,352.62,354.7,352.53,"11,521,300"
1-Jul-21,346.82,354.67,346.5,354.39,352.22,"17,137,000"
30-Jun-21,352.17,352.92,347.17,347.71,345.58,"15,107,500"
29-Jun-21,356.27,356.74,349.05,351.89,349.73,"21,417,300"
28-Jun-21,342.46,358.14,341.77,355.64,353.46,"29,156,100"
25-Jun-21,342.59,344.12,339.68,341.37,339.28,"14,594,400"
24-Jun-21,341.85,344.9,341.79,343.18,341.08,"12,329,100"
23-Jun-21,339.35,343.42,338.2,340.59,338.5,"14,817,800"
22-Jun-21,332.69,339.92,332.6,339.03,336.95,"15,345,300"
21-Jun-21,331.09,332.92,327.65,332.29,330.25,"11,337,500"
18-Jun-21,334.53,336.15,329,329.66,327.64,"23,039,500"
17-Jun-21,330.49,337.98,330.15,336.51,334.45,"17,794,100"
16-Jun-21,336.7,337.55,328.72,331.08,329.05,"17,232,200"
15-Jun-21,336.99,339.92,335.03,336.75,334.69,"15,795,200"
14-Jun-21,331.9,336.82,329.81,336.77,334.71,"12,250,800"
11-Jun-21,332.58,332.83,328.93,331.26,329.23,"13,587,900"
10-Jun-21,330.79,333.94,328.55,332.46,330.42,"13,240,200"
9-Jun-21,335.74,336.8,330,330.25,328.23,"13,727,900"
8-Jun-21,336.7,338.3,332.24,333.68,331.64,"14,580,500"
7-Jun-21,329.48,337.69,328.93,336.58,334.52,"20,136,700"
4-Jun-21,325.9,332.46,325.18,330.35,328.33,"13,289,400"
3-Jun-21,325.78,327.38,323.48,326.04,324.04,"12,610,800"
2-Jun-21,330.38,331.87,327.12,329.15,327.13,"11,654,300"
1-Jun-21,330.15,331.42,326.64,329.13,327.11,"11,765,900"
28-May-21,331,332.87,328.33,328.73,326.72,"12,037,400"
27-May-21,328,333.78,326.76,332.75,330.71,"20,477,700"
26-May-21,328.35,329.83,325.82,327.66,325.65,"9,686,900"
25-May-21,327.08,329.18,324.8,327.79,325.78,"16,437,000"
24-May-21,318.21,325.95,318.03,324.63,322.64,"16,445,400"
21-May-21,319.29,319.93,315.81,316.23,314.29,"13,600,900"
20-May-21,313.58,319.25,313.16,318.61,316.66,"17,320,200"
19-May-21,304.19,314.66,303.57,313.59,311.67,"19,106,200"
18-May-21,315.59,316.5,309.81,309.96,308.06,"14,522,400"
17-May-21,313.55,315.68,311.58,315.46,313.53,"15,401,300"
14-May-21,309.54,316.85,309.08,315.94,314,"19,245,700"
13-May-21,306.08,308.86,302.77,305.26,303.39,"18,079,200"
12-May-21,301.13,304.96,298.19,302.55,300.7,"24,645,500"
11-May-21,300.75,306.84,299.69,306.53,304.65,"18,920,100"
10-May-21,314.35,314.58,304.83,305.97,304.1,"24,239,200"
7-May-21,322.38,322.94,318.75,319.08,317.13,"15,916,700"
6-May-21,314.52,320.24,313.27,320.02,318.06,"19,012,200"
5-May-21,318.19,321.06,314.49,315.02,313.09,"15,577,600"
4-May-21,320.02,322.19,313.12,318.36,316.41,"24,032,600"
3-May-21,326.17,328.55,321.84,322.58,320.6,"18,719,500"
30-Apr-21,326.14,329.82,324.5,325.08,323.09,"26,332,400"
29-Apr-21,330.12,331.81,321.61,329.51,327.49,"56,526,800"
28-Apr-21,307.36,310.92,305.37,307.1,305.22,"33,907,200"
27-Apr-21,304.28,305.34,301.11,303.57,301.71,"15,309,300"
26-Apr-21,303.34,305.8,301.56,303.04,301.18,"16,172,600"
23-Apr-21,298.76,302.59,297.15,301.13,299.29,"17,536,800"
22-Apr-21,301.33,302.92,296.04,296.52,294.7,"16,375,400"
21-Apr-21,301.95,301.98,297.39,301.47,299.62,"14,863,500"
20-Apr-21,301.99,305.1,297.21,302.65,300.8,"16,796,400"
19-Apr-21,305.01,307.7,300.56,302.24,300.39,"14,553,500"
16-Apr-21,308.17,308.95,304.61,306.18,304.3,"13,059,200"
15-Apr-21,306.34,310.14,304.1,307.82,305.93,"14,558,300"
14-Apr-21,307.3,308.03,301.95,302.82,300.96,"17,421,400"
13-Apr-21,312.21,314.43,309.32,309.76,307.86,"14,036,900"
12-Apr-21,311.05,312.15,307.93,311.54,309.63,"10,881,900"
9-Apr-21,311.4,314.74,310.33,312.46,310.55,"15,988,600"
8-Apr-21,314.85,315.88,310.05,313.02,311.1,"20,894,100"
7-Apr-21,306.34,314.25,305.5,313.09,311.17,"22,855,200"
6-Apr-21,308.84,311.35,305.25,306.26,304.38,"17,335,200"
5-Apr-21,300.89,310.77,300.68,308.91,307.02,"28,237,000"
1-Apr-21,298.4,302.4,296.6,298.66,296.83,"17,616,000"
31-Mar-21,289.99,296.5,288.61,294.53,292.73,"19,498,200"
30-Mar-21,289.83,292.47,286.7,288,286.24,"17,474,500"
29-Mar-21,285.77,293.18,284.7,290.82,289.04,"21,718,800"
26-Mar-21,278.3,284.5,277.77,283.02,281.29,"17,629,200"
25-Mar-21,280.98,288.06,277.75,278.74,277.03,"24,505,600"
24-Mar-21,291,291.72,281.16,282.14,280.41,"18,675,000"
23-Mar-21,293.15,298,289.81,290.63,288.85,"23,000,900"
22-Mar-21,290.45,299.71,286.75,293.54,291.74,"28,273,100"
19-Mar-21,281.22,292.8,281.2,290.11,288.33,"38,930,500"
18-Mar-21,279.87,285.19,278.28,278.62,276.91,"18,728,300"
17-Mar-21,275.71,286.23,275.41,284.01,282.27,"21,315,000"
16-Mar-21,276.08,282.14,274.8,279.28,277.57,"22,437,700"
15-Mar-21,269.08,275.96,268.5,273.75,272.07,"16,844,800"
12-Mar-21,269.14,269.74,264.02,268.4,266.76,"20,600,200"
11-Mar-21,268.11,277.9,267.82,273.88,272.2,"21,834,000"
10-Mar-21,268.64,268.97,262.87,264.9,263.28,"14,210,300"
9-Mar-21,261.18,268.53,259.81,265.74,264.11,"22,039,700"
8-Mar-21,265.55,265.58,255.05,255.31,253.75,"18,391,800"
5-Mar-21,260.67,265.45,255.61,264.28,262.66,"26,820,100"
4-Mar-21,256.47,266.49,253.5,257.64,256.06,"31,626,500"
3-Mar-21,260.29,260.99,255.1,255.41,253.85,"15,513,500"
2-Mar-21,265.78,266.71,258.65,259,257.41,"15,191,700"
1-Mar-21,260.82,266.65,257.9,264.91,263.29,"22,157,300"
26-Feb-21,256.47,265.55,256.47,257.62,256.04,"26,619,500"
25-Feb-21,262.3,266.94,254.04,254.69,253.13,"19,053,100"
24-Feb-21,262.33,266.38,258.39,264.31,262.69,"15,736,100"
23-Feb-21,259.5,267.46,254.96,265.86,264.23,"21,924,600"
22-Feb-21,257.95,263.07,257.53,260.33,258.73,"17,434,900"
19-Feb-21,269.86,270.27,260.15,261.56,259.96,"25,622,600"
18-Feb-21,269.57,271.95,266.03,269.39,267.74,"15,249,100"
17-Feb-21,271.24,273.97,269.58,273.57,271.89,"12,763,200"
16-Feb-21,270.8,276.6,270.05,273.97,272.29,"15,417,200"
12-Feb-21,270.52,271.18,268.34,270.5,268.84,"9,097,600"
11-Feb-21,271.89,273.58,268.49,270.39,268.73,"12,828,600"
10-Feb-21,272.45,273.8,267.72,271.87,270.2,"14,687,200"
9-Feb-21,266.44,273.39,265.75,269.45,267.8,"14,613,400"
8-Feb-21,268.75,269.86,265,266.58,264.95,"13,755,200"
5-Feb-21,266.8,269.17,265.67,268.1,266.46,"12,454,400"
4-Feb-21,267.01,268.16,264,266.49,264.86,"16,060,000"
3-Feb-21,265.62,269.2,263.84,266.65,265.02,"14,223,400"
2-Feb-21,264,268.85,263.27,267.08,265.44,"17,320,800"
1-Feb-21,259.52,264.17,254.91,262.01,260.4,"22,914,300"
29-Jan-21,265.3,266.56,254.85,258.33,256.75,"30,389,500"
28-Jan-21,277.18,286.79,264.7,265,263.38,"37,758,800"
27-Jan-21,282.53,283.45,268.12,272.14,270.47,"35,346,200"
26-Jan-21,278.14,285.39,277.81,282.05,280.32,"19,373,600"
25-Jan-21,278.14,280.1,271.51,278.01,276.31,"19,087,000"
22-Jan-21,272.01,278.47,272,274.5,272.82,"21,954,000"
21-Jan-21,269.26,273.6,267.49,272.87,271.2,"20,838,700"
20-Jan-21,268.93,270.32,263.6,267.48,265.84,"25,199,900"
19-Jan-21,256.9,262.2,252.72,261.1,259.5,"28,028,500"
15-Jan-21,247.9,253.86,247.16,251.36,249.82,"24,942,900"
14-Jan-21,253.4,255.03,244.61,245.64,244.13,"29,739,400"
13-Jan-21,251.55,253.95,249.2,251.64,250.1,"19,528,900"
12-Jan-21,256.63,259.72,250.3,251.09,249.55,"26,383,500"
11-Jan-21,260.48,263.47,255.9,256.84,255.27,"30,412,300"
8-Jan-21,268.31,268.95,263.18,267.57,265.93,"18,528,300"
7-Jan-21,265.9,271.61,264.78,268.74,267.09,"15,789,800"
6-Jan-21,262,267.75,260.01,263.31,261.7,"24,354,100"
5-Jan-21,268.29,272.4,268.21,270.97,269.31,"9,871,600"
4-Jan-21,274.78,275,265.2,268.94,267.29,"15,106,100"
31-Dec-20,272,277.09,269.81,273.16,271.49,"12,900,400"
30-Dec-20,277.95,278.08,271.71,271.87,270.2,"11,803,800"
29-Dec-20,276.95,280.51,276.28,276.78,275.08,"16,383,000"
28-Dec-20,268.74,277.3,265.66,277,275.3,"23,299,700"
24-Dec-20,268.88,270.4,266.2,267.4,265.76,"6,702,000"
23-Dec-20,266.89,272.17,266.23,268.11,266.47,"14,329,000"
22-Dec-20,271.5,271.5,264.63,267.09,265.45,"17,312,900"
21-Dec-20,272.98,274.67,267.79,272.79,271.12,"16,553,700"
18-Dec-20,275.77,278,271.14,276.4,274.71,"26,693,200"
17-Dec-20,277.07,280.44,273.61,274.48,272.8,"16,377,800"
16-Dec-20,274.76,277.86,272.51,275.67,273.98,"15,885,000"
15-Dec-20,274.83,276.08,267.47,275.55,273.86,"23,979,500"
14-Dec-20,273.37,277.22,271.56,274.19,272.51,"16,376,900"
11-Dec-20,274.53,276.48,270.25,273.55,271.87,"14,391,400"
10-Dec-20,275.54,278.73,271.86,277.12,275.42,"20,065,100"
9-Dec-20,283.66,287.63,271.75,277.92,276.22,"25,189,700"
8-Dec-20,286.01,286.43,281.55,283.4,281.66,"10,747,700"
7-Dec-20,279.19,288.49,278.2,285.58,283.83,"13,007,700"
4-Dec-20,280.3,283.46,279.3,279.7,277.99,"10,880,300"
3-Dec-20,286.25,286.65,281.07,281.85,280.12,"12,921,700"
2-Dec-20,285.36,291.78,280.83,287.52,285.76,"17,361,600"
1-Dec-20,279.16,289.3,278.96,286.55,284.79,"20,738,900"
30-Nov-20,276.03,277.7,271.01,276.97,275.27,"16,693,300"
27-Nov-20,277.39,279.13,274.82,277.81,276.11,"7,808,400"
25-Nov-20,278.14,280.18,272.65,275.59,273.9,"12,467,000"
24-Nov-20,268.49,277.82,267.87,276.92,275.22,"16,930,400"
23-Nov-20,270.89,270.95,264.53,268.43,266.79,"20,990,800"
20-Nov-20,272.56,273,269.41,269.7,268.05,"18,114,700"
19-Nov-20,271.02,273.47,269.19,272.94,271.27,"12,963,700"
18-Nov-20,274.52,277.39,271.84,271.97,270.3,"12,152,900"
17-Nov-20,277.68,277.68,273.29,275,273.32,"15,040,300"
16-Nov-20,275.05,279.41,274.63,278.96,277.25,"12,970,400"
13-Nov-20,277.72,277.76,273.1,276.95,275.25,"10,391,200"
12-Nov-20,277.18,279.75,274.43,275.08,273.39,"12,899,500"
11-Nov-20,273.47,278.4,272.48,276.48,274.79,"14,957,000"
10-Nov-20,273.1,274,264,272.43,270.76,"29,067,700"
9-Nov-20,289.87,292.58,278.53,278.77,277.06,"25,117,700"
6-Nov-20,293.95,294.6,288.06,293.41,291.61,"13,891,000"
5-Nov-20,291.9,297.38,288.95,294.68,292.87,"23,823,600"
4-Nov-20,281,288.94,278.62,287.38,285.62,"35,364,400"
3-Nov-20,263.16,270.05,260.88,265.3,263.67,"17,961,900"
2-Nov-20,264.6,270.47,257.34,261.36,259.76,"27,165,700"
30-Oct-20,274.5,276.7,259.1,263.11,261.5,"47,247,800"
29-Oct-20,276.55,283.6,273.78,280.83,279.11,"32,368,100"
28-Oct-20,278.79,278.79,267.26,267.67,266.03,"23,121,800"
27-Oct-20,278.76,284.51,276.31,283.29,281.55,"16,287,200"
26-Oct-20,283.16,285.23,274.26,277.11,275.41,"21,322,900"
23-Oct-20,278.8,285.24,276.82,284.79,283.05,"17,535,200"
22-Oct-20,279.87,282.45,275.04,278.12,276.42,"16,720,000"
21-Oct-20,279.56,283.05,276.37,278.73,277.02,"28,998,600"
20-Oct-20,263.06,269.7,262.88,267.56,265.92,"18,763,200"
19-Oct-20,265.53,268.55,259.88,261.4,259.8,"13,587,000"
16-Oct-20,267.38,271.37,265.3,265.93,264.3,"16,622,700"
15-Oct-20,267.6,269.04,263.67,266.72,265.09,"15,416,100"
14-Oct-20,277.62,278.75,271.5,271.82,270.15,"15,577,800"
13-Oct-20,277.58,279.1,273.39,276.14,274.45,"18,063,300"
12-Oct-20,270.2,280.18,267.87,275.75,274.06,"31,019,300"
9-Oct-20,264.52,264.75,262.17,264.45,262.83,"14,107,800"
